-5.5475672868,-2.8466660506,-2.4280378476,1.1533355406
2.9064721036,2.8247872555,2.5386562437,2.9426536053
-5.3156735165,-2.8221777588,-2.3153635766,2.2056389191
-5.3697612182,-3.5712961348,-2.3077581125,1.7194829369
-5.6895425146,-2.5897530304,-2.8143865085,1.5638467317
-1.6020081812,-0.8830575355,0.5574733542,0.7557918719
-4.4169589028,-3.4123853785,-1.5138233714,1.361524818
-5.7151714394,-3.1229601628,-2.3012501029,1.162421754
2.8801574604,3.2412337037,4.6762631302,3.2814261188
-5.2602688162,-2.2523678533,-1.7953084319,2.4723376293
-5.3643305747,-2.7350670438,-2.5379254179,1.2435828438
-1.2463237151,-0.8955559414,0.193560876,0.3247590754
-4.8069482545,-2.8659177924,-2.7624717,1.4908526484
0.0849513351,-1.0593802388,0.2186672277,-0.9499990583
-0.7321951667,-0.7826254433,-0.4773400913,-0.7926286077
-4.6328538535,-3.2812085053,-2.4709739009,1.8279931662
-0.8494369784,-0.745360875,1.0143817944,2.1662595292
-4.4126931289,-3.1453888444,-2.1781571697,1.974835033
-4.9427299217,-3.0572855724,-1.7679569712,1.9171129937
3.1337874287,2.9170312284,2.0211150106,2.7827207171
-4.9376040787,-2.8832712015,-0.944632303,1.2840948882
-1.0184177789,-1.3165415774,0.793571855,1.6310152216
-1.0321700648,-1.6320346,0.6855979737,0.9815455197
-5.8314336366,-3.1939601657,-2.354429865,1.9354812014
-5.826936532,-3.2934368086,-2.0784351937,0.9431029588
2.0331291047,3.2800954124,3.0550266085,1.8468348165
-0.9151052764,-0.8715196857,0.9687401358,1.047006836
1.4745443076,0.4832651609,0.4616786277,-0.9739626022
-4.8777462747,-2.9021096116,-2.0081745127,0.8798894683
2.5499169228,2.2322257352,2.3799536993,2.3330938899
3.7529692802,3.3906137253,3.0361137571,1.9907732683
-0.9694435383,0.252577375,0.5952438289,-0.0346557603
3.126404076,3.6439553705,3.5271150943,3.5108063963
-0.5982573756,-1.3330163163,0.1066245428,-1.0149286492
-5.6722075426,-3.3056112451,-1.4743317077,1.8602225143
-1.1432453679,-0.5427653394,0.5040205535,1.4182309065
-1.1436692972,-0.8169348327,0.7014458226,0.9897525396
-4.0157863662,-2.6306066975,-2.2480709956,1.7491348686
0.5519888661,-0.2955322288,1.5921545575,0.7041297006
0.4193412636,0.2185754726,0.651830864,0.1864541137
-4.8182893881,-2.5188446568,-2.2816657275,0.4384533662
-0.008935922,0.448902871,0.3383889396,0.7129615425
-1.4110625023,-1.0375871152,-1.2431544541,-0.9631531267
2.757250833,2.5943849,2.6746537563,2.6702434529
2.9695655009,2.84095362,4.0049248684,3.9890315501
-0.4235630331,-0.3529804362,-0.5317675542,1.6488194939
0.8331353392,0.4184070884,1.3309821461,-1.9711106319
-5.3612518764,-2.6031730656,-2.2249526241,0.9586740757
-5.6896768159,-3.2627927688,-1.733198147,1.2206813305
0.6154072124,0.6744343609,0.7092338807,-0.1465200062
-4.9804199302,-2.6212822735,-2.3757114529,1.4345277261
3.577246003,3.8518972529,4.1112243469,3.5298041882
-4.3631430449,-2.3952310576,-1.9966164823,1.5905666917
-0.6062963766,-0.7635672619,-1.6067510544,0.3467081256
-5.1634502231,-3.8951828339,-2.7066144018,1.0771924248
-4.9251793902,-2.0556786049,-3.7706340207,1.155764321
-0.8858692573,-1.0893395566,0.3960455519,1.350119652
-4.5266768033,-3.1758459262,-2.8362804345,1.0876234956
-0.9767292501,-1.3860570667,1.0249671755,0.2424139581
0.85622894,0.2014849254,0.3698806898,-0.4882823786
3.7801680747,4.2159168778,3.4154243494,2.2482496988
-4.8909645646,-2.8340141992,-2.1952201326,0.3904688957
-5.5349468743,-2.7120261529,-1.204160853,0.8906869181
-5.0904686458,-2.9852830368,-2.2817975176,0.0230049749
-4.9675227747,-2.883019882,-2.994236341,1.3976545429
-1.174642566,-1.4847747469,0.5465315108,1.1089092996
-5.2565504576,-2.6699303888,-2.1033951501,0.9566975527
-0.9831170777,-0.7469049622,0.6194300735,1.0769691113
3.0564453115,2.6062455978,2.2424915234,3.2206702143
0.2507123938,0.5406082998,0.4783463414,0.6749500425
-1.4325085099,-1.1816418706,1.1176407959,1.4270280046
-1.4909286423,-1.2810394034,0.513785772,0.8110767171
-5.2546858883,-3.1949621,-1.4213125983,0.7171669533
0.9540419848,-0.4236867028,-0.6588102819,-0.4761598759
-5.1323124515,-2.3003696168,-1.8478037932,1.0671750747
-4.6751826193,-3.6338766382,-1.5264795921,1.3350020814
-1.2288889471,-1.3631653398,0.8722274896,1.4436731252
-1.306110522,-1.0846734631,0.9577381387,1.1405615272
-1.0822801633,-0.2404303274,0.6714593996,-0.4214355889
0.1747151058,-0.9473420999,-0.3292549003,-1.339171234
1.2489886902,2.2708565393,2.7360885549,2.7254429632
-4.6227284844,-2.4312824633,-2.8673677825,2.231597533
-4.8246318212,-2.6889891612,-2.2312516579,1.6253843769
-4.7722964995,-3.5863158574,-1.8284830937,1.7411776121
-4.4676756199,-2.8442181194,-2.3176177234,2.0773515591
-1.0649985556,0.2156880918,-0.2944345411,0.320867587
-0.8879968457,-0.9172832061,1.5210143627,0.4924396362
-5.7489544052,-1.7530504358,-2.2591021694,0.3091941991
-0.6703300835,-1.2521404952,1.3442682107,0.9130612947
3.4431290787,2.8237596251,1.8522257425,4.1445041139
-5.073366928,-2.9482024794,-2.5890236894,1.6503546286
-1.0839824609,-0.3383898005,-0.0578355192,-1.2261992035
-1.5570652101,-1.6657534247,0.682691877,0.7000700986
3.0511989107,3.5276546499,3.4007264982,2.3686406951
-1.3331256152,-0.8662824078,0.779974115,1.1009777432
-0.5115044677,-0.3192070808,1.0686875986,1.4541626888
3.4734037245,3.5706192113,1.8598362345,1.2606170634
-1.2505200906,-1.4456576958,0.4773926491,0.5829225025
-4.7940186106,-3.1747275675,-2.4908290413,1.2238635779
0.0244115058,-0.0701180478,0.6730596098,-0.263259604
4.1845661861,3.8418384334,2.9910001759,3.916967874
-0.7181137701,-0.2377550545,-0.2039653507,-1.0862458494
3.7418829116,4.2770238005,3.3143954717,4.5606298426
-5.0714087209,-2.6358000244,-2.1634033121,1.6793865964
-4.4253434974,-2.9866256691,-1.814650754,1.1708736893
2.8533250368,2.6659951303,2.5625069468,3.4613725264
-5.4625970655,-3.2945368802,-1.6304425492,1.7709413828
-4.9865782616,-2.8675739968,-3.3065973247,1.6488857302
-2.3099851455,-1.2675299823,-0.3846725577,-1.2962863456
-4.3799981867,-3.1249048733,-1.7294805053,1.7635230139
0.0539330057,-0.2722999742,-1.4040897289,0.8239759303
0.5757510554,0.6292064609,0.9249834592,0.7943331495
-0.9408719229,-0.58319434,-0.0952368153,0.607805123
-4.7718389462,-3.5936298084,-1.912545999,0.9073151286
-1.2585455731,-1.3363259623,0.6240256459,0.8024047934
3.5432713087,2.5102309741,3.7565812883,2.9516378123
1.0384320521,-0.1931116215,0.262841536,0.3986765852
-4.5083877876,-3.2862299551,-1.9932292263,1.5815031715
-5.1362940315,-3.2911445206,-2.2501626536,0.3203290093
1.7822707032,0.7312997392,-0.1254937564,-1.1523900395
2.9475179296,3.6485928055,2.3150578382,3.9972267886
-4.9522324057,-2.2766021327,-2.3034673346,1.5460396625
-1.0706848797,-0.4235097064,1.5868485343,0.246260641
3.3370547239,3.127227044,3.9539684777,3.382970299
-1.5368602616,-0.6957249533,0.5851662266,1.3470943024
0.2682967704,0.6962314401,-0.705971685,1.9422628482
3.8359846419,4.6775971321,4.4692388305,3.3969223165
-2.193075692,-1.6841969087,0.8690410161,1.5107586054
-5.1372682734,-3.0360187574,-3.0415989432,1.5562700448
4.6535405037,3.5709830826,3.6479090642,2.9756479218
-1.259387011,-0.767296149,0.3686320731,1.2562367858
-6.2196585338,-3.1437678828,-2.2593278112,1.851521745
-0.3290156237,-0.1570145671,0.5888823443,-1.3688638567
-1.4440179393,-1.3542375312,0.6733766204,1.0223556425
-4.6643916217,-2.8192111142,-2.10161921,1.1574885958
-4.8496833496,-2.7422465274,-2.4386555493,1.5037626596
-0.7512040787,-0.2279943374,0.9116041809,2.038813789
1.329441737,1.1164161286,0.7216578435,-1.3039657359
-4.5417777839,-2.6460758493,-1.9362704011,0.8555679029
-4.6574757371,-3.1077992153,-1.6857213107,0.0637675091
-0.4530849157,-0.4570575792,-0.2475115871,0.7211083357
-4.9613930267,-3.3235017381,-2.3156299968,1.4940757083
-0.0230188164,-0.3386784434,1.0675620446,0.0134147942
0.4261626096,0.0162545821,0.4559591121,-0.5758494209
-4.9133300341,-3.0961175008,-2.3773128632,0.4951273699
-1.8475996135,-0.7842188645,-0.1747396343,-0.3123677295
-4.6669675977,-3.2533038322,-1.9067900558,0.8083609769
1.9662104259,3.1692919433,3.4892738124,2.5917530973
0.0490813621,0.6449131733,0.2947569481,0.342433668
3.2241107287,2.6372926966,3.2647391667,2.6376058936
2.816083689,2.3246683213,3.1122797497,2.516842383
-1.4524559107,-0.61375522,-0.0093397713,-3.1265355881
-5.459698766,-3.1286860376,-2.834427695,1.059952905
0.0885618078,0.5979218729,0.2750033986,0.3518449434
-4.5594115468,-2.9577347229,-2.6946434621,2.5467930645
1.2970081619,1.8255824844,0.6517591382,-0.7301166341
-5.3046927586,-3.941569855,-1.7017798151,0.7597466095
0.8419754299,0.9646310935,0.8902533256,-0.2119191241
-1.2246871747,-1.977004272,1.2189433736,1.2778871793
5.1061406696,4.7827573213,3.9419018793,4.0991917779
0.1892925097,1.1269421297,0.3606071731,1.7629269317
-4.686529099,-3.4298640915,-2.6724688099,1.7813919079
-1.1283173473,-1.6541182361,1.1214521072,1.5472742472
-0.68090506,-0.5975304509,0.9916636418,0.6524116989
-0.8730500135,-1.1624554943,1.0156782153,0.598446534
0.8927160408,0.0567239898,1.6705497258,0.2090049855
0.1010142002,-0.4245245573,-0.8755762269,1.3453097971
-5.2814279327,-3.1789319831,-2.6895614985,1.1253280098
-4.8650243944,-2.2579301676,-2.0477276995,0.2946395441
-5.1178150059,-2.2389508202,-2.7171726034,1.356810839
-4.9478967662,-1.9361731442,-2.4689473916,1.5399129842
2.4574850099,3.5399266438,3.1817009718,3.1719200526
-5.0273401471,-2.6440506115,-2.8800120638,2.2500236916
-1.3635345398,-0.6423337755,1.1880119521,1.1946185442
-5.2237129481,-3.6074788,-2.3881565574,0.8426645545
2.9434292515,3.3962249093,1.7325127616,2.0881297129
1.0179039316,0.7841441872,1.2243470573,-0.3259526383
-4.8987902942,-3.0800417379,-2.3098053427,1.2268710918
3.0242567719,1.6403539411,1.5802908242,1.8159052737
2.2977224853,2.3502657745,1.5818386252,3.3545125084
-5.828099926,-3.6393032258,-2.5874598791,1.2844959289
2.7530103717,3.0028447433,3.0051670965,3.8346779455
-4.0221416943,-2.9822194048,-2.502240885,1.2277748272
0.8970225131,1.3753069598,2.1091024048,0.0157787736
-5.0973800569,-2.6205055686,-2.4424147784,2.1343149492
-1.1152725245,-0.4250601585,0.6132089114,0.896836702
-5.2907095272,-3.9332032209,-1.9992105536,1.3625942276
-5.8958339337,-2.4491779711,-2.5254741714,0.1277350258
2.2528191881,2.50920234,2.7992793666,0.853434003
3.4720699976,2.3727089942,2.6900617472,2.9782157852
-0.1081613176,-0.1477885206,0.1520317267,-0.9348574498
-4.3528233517,-2.6558972713,-1.9334414658,1.0441563426
3.3271047905,4.249932799,3.8969343113,3.2657198124
3.9280797377,3.0183570252,3.1084047368,3.8747953013
-5.1703379269,-2.8424290804,-1.7307063818,1.4000122932
-0.675185272,-0.9138994848,1.2486604739,1.3117812405
-0.6314465688,0.0549555433,0.322834593,0.2117761868
-1.0060869236,-1.3457533582,0.999583816,1.0434810964
-0.9515570929,-0.2445782086,-0.1191928516,0.3487196716
-4.7503334018,-3.5222633574,-2.4370874449,1.7064989552
3.335500313,1.1793485948,2.9619076796,2.4465767028
-5.2735884112,-3.8591358165,-1.5547833651,1.1033235358
-0.7912946501,-0.5513827132,0.7512932278,1.0252716965
-0.5078313627,-0.9371767258,1.0363991014,0.2908899454
-5.1354301684,-3.2597186254,-2.0356535622,0.3773245165
-5.1633456987,-2.8614409069,-2.6445596579,1.4803259362
-4.8885239326,-2.9007138781,-2.8313589552,1.3370433034
-4.9024873576,-3.273105284,-3.2994203321,1.501550586
3.0890788301,2.7018503151,3.7958006007,2.5753735664
-0.6652725745,-0.7705747409,0.7155779604,0.8241756917
-5.3434999206,-2.480357729,-2.4759101369,0.864792302
4.2384569043,3.8223650455,3.1963120696,3.7688516049
-1.5144524311,-0.4942846163,0.2464994469,-2.1858733454
-0.5909438832,0.0901786956,-0.4983033257,-0.9073304697
2.5802110992,2.2972172358,2.4565050029,3.645920331
-0.4804596242,-0.9110112133,-0.209100889,-0.4665849022
-2.7648020084,-1.4287835981,0.0210420359,-0.6280988858
1.4387235365,0.3959784141,-0.1069394413,0.3673062102
0.4387737036,-0.6944549629,-0.6051020379,1.324849537
-5.6872767825,-2.0825692651,-1.2735705301,1.7755438078
0.1899453613,-1.13713425,-0.7514567856,0.1469337708
-4.6441832343,-2.9432731179,-2.8367017147,1.6182897411
-1.3144650218,-1.0774690885,1.9804214782,0.4473468795
-4.8120965608,-3.3446038037,-3.1655183193,1.7808119145
-1.0279937587,-0.9623113028,1.0315979349,0.5164806604
2.7660428864,3.1867179445,2.1538853452,1.0500788006
-0.5749844981,-0.8846285679,0.7053438391,1.0199620552
-5.1692142575,-2.898963178,-1.8800261565,2.1228087454
-1.1027204969,-1.0111093611,1.3130795959,1.0091147542
-5.1420500819,-3.018188454,-2.9707810326,2.3651928229
-1.1415386483,-1.6939287159,0.7718786355,1.3843133428
-1.4013279784,-0.9009708313,-0.4995686365,0.6234957407
-1.6257969044,-1.8409166912,1.2000060271,0.3540765495
2.2864339857,2.7899489058,4.0450052708,3.1943309149
-5.5532455378,-3.2464520486,-1.9857674828,1.6220299855
-1.2775524153,-1.4708869669,0.9743096557,0.5757764606
-0.4715829662,-0.039927427,0.9333357486,-1.0857964121
3.6375722506,2.8955783582,3.0155681719,2.9886177961
0.5915934967,0.0964662405,1.0854015241,0.5967596957
2.2282094954,1.8739200197,2.7591989097,3.4923435815
-5.4849490242,-2.6272823913,-2.3883815361,0.9676674447
0.8790389092,0.6808900843,0.3566786581,0.5228421968
1.9803273261,1.3390312751,0.4767024192,0.734685286
0.0167330023,0.588475631,1.5869636907,-0.7867591019
-1.5012906138,-1.5176796139,1.3108019872,1.3692825771
1.988012515,2.1307469636,3.514516065,2.7948575245
-4.5123587425,-2.6304583061,-3.0183560586,1.7747341973
0.4351543158,1.4396785237,0.6297186143,-1.0242256562
-0.8253572684,0.1176422582,0.8096796987,0.6779493509
-1.2000067163,-0.7810427888,0.4512507557,1.7563460703
2.9510174362,3.2303009787,4.5804655322,3.1707266513
4.3642204904,3.4487620948,3.4305034806,4.0108344687
-0.1264592349,1.0802456948,-0.4004856189,1.6278175876
-5.291524904,-3.1746991257,-3.0459488416,1.2039478082
-4.2193985725,-3.4479012882,-2.1509998947,0.3561730338
-4.4977588078,-2.9799087936,-2.3791750103,2.0446994227
-0.2035630444,1.2793812229,0.9471313145,-0.068106694
0.3436057566,0.2766437333,1.2504121436,0.244146738
-4.9019529762,-2.8160245632,-2.6979748438,0.576003619
-4.9703660343,-3.3866090036,-2.3550901131,1.0926014881
2.3533603156,1.6874385524,0.4221287043,1.3681165211
-5.2374812242,-2.6447321236,-1.887683372,1.0050882512
-1.1545530516,-0.5094056196,1.104896538,0.6773029154
0.20076265,-0.6416358983,-0.5505858782,-0.2658585608
1.445036317,0.4111327396,1.7124854955,2.6584033921
-5.3491445301,-2.9717302993,-1.8144827765,1.4199083227
0.4961952988,0.7490792217,0.4078709533,1.316783276
2.1465248747,2.0509940936,2.7978499885,3.5978837316
2.3599898449,2.6503849873,2.4767914475,3.488099467
-5.4773555152,-3.3266628765,-2.172136028,0.6965495738
-1.4963072956,-1.0992681393,1.4465978494,1.0097834461
-1.5777126687,0.1439946249,0.2772393937,0.8883979887
-5.4968937892,-2.5641127611,-2.2844874979,1.7101181965
1.5619227314,0.6564086546,0.8996443299,0.1719583697
-4.843449727,-2.4734833216,-2.2893508241,0.6978300513
-5.5255169479,-2.4889206174,-3.1784887635,1.6633161208
-4.6631927132,-2.8315012645,-3.0064277282,1.7868840205
-0.5541546951,-0.0560064265,0.0620713271,-0.1737905161
-4.9170964625,-3.2020316632,-2.1337407484,0.9284148976
4.4190602197,3.4509881047,2.3647890624,1.6572361646
-0.0219020529,-0.6976633927,-0.415446102,-1.247344885
-0.4389775488,-1.9011171793,0.7360757557,0.8862881402
1.5864180144,0.4218612143,0.6070827844,2.0534997289
-1.5796836579,-0.9755627834,0.983548114,0.8014279308
2.105103848,2.6194234222,2.8871523982,2.2084349038
4.0696270086,3.6115428771,3.308702581,2.410674565
-0.5550024652,-0.7275783315,0.4054925265,0.0259614856
-5.2054088394,-3.4176021828,-2.2496242465,1.713541045
-1.2921918506,-1.2733493465,1.0733223015,0.7140331716
2.3660180893,2.6891074547,2.7595580606,2.9134511583
-1.1227130201,-1.6606217481,-1.0401234119,-1.7537514402
2.9611501098,3.3312533153,2.6668290864,3.8710387451
-4.956446426,-3.0855807534,-2.8131326168,1.8144139283
2.892807094,2.027453327,1.537589243,1.7983828124
-5.7689074946,-3.1252526154,-2.1244954151,0.4481900607
-0.2368375564,-0.953579955,-0.5397263532,-0.2131345987
1.5273922742,0.4762870044,-0.9178891928,-0.2230911882
-4.5203884565,-3.3777010928,-2.2706386386,0.5103729117
1.5379852013,2.2422895995,3.7718202788,2.2053865578
-5.1581209782,-2.9383209472,-1.9384256769,0.730758388
-0.5834742672,-1.0610911616,1.9320478064,1.170325313
-1.434447279,-0.8866515297,0.9710199701,1.1631973523
2.8802829251,3.423586892,3.7704003677,3.2575033204
-4.7173132255,-3.0321226185,-2.8239081351,1.4462789475
0.4295280338,-0.36664975,0.2506628665,1.0852245552
-0.9646051449,-0.1634402909,1.2621705543,-0.1563172252
0.1275183983,1.0654854375,-0.0610795347,-0.1993566946
-4.9044019864,-3.7683546542,-2.2937537347,1.8139549803
-1.4739516121,-1.0305279763,0.6113858512,0.9642637557
-5.0253926017,-2.8362016036,-2.8868683394,1.483391638
2.9961800099,2.1013749367,2.3770255585,2.2547916669
-3.9407499639,-3.158510546,-2.9407677607,1.482113852
0.7277324858,1.6741152539,0.9906022192,1.3306598214
-5.7351740012,-2.7215622129,-1.7897441802,0.2630760267
-4.6134854163,-3.2667254214,-1.3746245283,0.3004458412
-5.0837377207,-3.225902843,-3.2847441012,1.939332217
-0.1981264081,-0.2733798633,1.4966117117,-0.9537362894
1.8709868317,3.0181117142,4.0680747695,1.149122087
0.3416422673,0.5222229774,0.7676789067,1.1187696602
-0.1979774487,0.2599400598,-1.1981348803,-0.586438374
-4.7902432892,-3.4686076357,-1.885778389,0.4737226135
-0.9260758416,-0.4228545404,0.6199220393,0.45451291
-4.8864081798,-3.578010398,-2.7353480765,1.6921361556
-5.0091643107,-2.6892339741,-2.0765636227,1.7975333849
-1.002297037,-1.3330820474,0.723730253,0.2635383542
-1.7631209414,-1.4606655837,0.8608796685,0.7923644137
4.5902886078,2.9937252112,3.1777595278,2.7281311349
-1.0174865972,-1.2280831185,1.3713657547,1.7921399255
3.2944345296,2.2763483088,2.0205478934,0.8812234651
-5.2233159313,-3.0899903189,-2.3161147407,1.4680947602
-4.8132779777,-3.383834246,-1.6187230216,0.5655910722
-4.1729399423,-3.4749882815,-2.0737295737,2.2741635905
-4.9126291036,-2.9273388957,-3.0812484686,1.4213537036
-2.2782915046,-0.9542735794,2.0282203216,1.0875035179
-5.3026511337,-2.7594801451,-2.3501133162,0.8314427026
0.404906242,-0.3507142498,-0.3056865273,0.1440186319
-1.2110016746,-1.1469353745,-0.0746971221,0.7888045137
3.2073858334,3.3748717691,3.321729162,3.4412440788
4.2077453555,3.2441015829,2.3175596552,2.6111752619
-5.2341755007,-3.0653879641,-2.0436796014,1.6488672929
-4.7387357346,-3.5325355626,-2.0461090801,1.7123744166
2.3713749993,2.6046002926,3.4333594138,1.7272793426
1.157852608,-0.2860939162,-0.7078756692,-1.1206892543
-1.1167238706,-0.8421800032,0.362784746,1.7034461443
-0.9115715237,-1.3050507235,0.5074476759,0.3971335319
1.7591376595,1.6100464026,2.6820848243,3.5580563824
1.4487728984,2.309342262,3.3175802964,3.2541386845
4.3464343891,3.7861568774,2.8347924659,4.3479440634
3.4296723441,2.6474300973,1.8217209314,2.315848093
-0.1587435606,0.1055200012,-1.1956503714,-2.2436618594
-4.87030556,-2.2930386808,-1.6163633149,2.1836847724
-4.7905370886,-2.9242845637,-2.0439617058,0.6302923998
-5.0549608092,-3.4194407546,-2.2670214183,1.1081005261
0.8909303914,0.0814403373,-1.086792678,-1.3466382134
3.4097191224,2.9286933991,3.5541675832,2.2405669153
-5.1959147193,-2.6193344747,-2.0746685494,1.520744096
2.9470819703,3.014365241,3.3840109642,2.0357305135
-0.0544612407,0.6894154914,-0.0921128035,0.6591673242
-0.4194163087,-1.5053720275,0.8694859371,0.7270244025
-5.6036105354,-2.7418693304,-2.07213445,1.3356147832
-1.2787447196,-1.9040619313,0.6298146744,0.8809993503
-5.0470333365,-3.1694951859,-2.0764812695,1.4467132232
-4.683351804,-3.0078298105,-0.6840000462,1.2426870256
2.7167385562,2.9093421436,2.7712150957,3.7221248553
-0.8511183376,-0.7144741868,0.5741568021,1.5603460872
0.9069969973,2.1528007767,1.4575058395,-1.0539852738
-5.3644362564,-2.5887916786,-2.0053646822,0.8511250445
-2.0776973164,-0.73502482,1.6480080074,1.4418387613
-5.5068653929,-2.200078442,-1.8889448941,1.6937259058
-1.1951037495,-1.4506284645,0.8241231178,0.7536164562
-0.5302535017,-1.409837982,2.0437742604,1.0498099256
-0.7044580016,-1.2374011857,0.8498288458,0.9106511823
-5.4098750302,-2.5150708345,-3.452908419,2.255360653
3.5842381164,3.2435527823,3.0285713746,4.6479612981
-1.2766175451,-1.0207232064,0.851747142,1.3873966277
2.6665079772,3.6139882767,3.2869131156,2.7534501536
-0.6023006758,-1.3226631433,0.7102428179,1.455044145
-4.07537062,-3.4396567173,-2.3362279542,1.6760894245
-4.8067856535,-1.9088286222,-2.2753831818,1.2182245605
-0.9467904176,-1.6179446418,-1.0244561775,0.385912088
0.3085607669,-0.3563386609,-0.1796189186,1.4061299286
-1.7603311903,-1.2444333792,0.8629676036,0.6406817287
0.1888513488,0.5108239136,0.7766953611,1.7397377828
0.3139116796,1.1664955159,0.4446531622,-1.1583286505
-4.8688958824,-3.4859125788,-2.4103116768,2.1077622957
2.6213243567,3.3595864211,2.7245891463,4.3640605
-5.3603873216,-2.2550820126,-3.0039499218,1.6681098392
-5.0946967891,-2.9118075883,-1.803398269,1.8962503639
-5.6719875334,-2.3980089159,-1.9655327531,0.7506184271
2.7552588487,2.8228605511,2.3756357228,2.2912159417
-4.4547051141,-2.5363646297,-2.6186447908,1.4614961759
-1.8118829543,-0.9994053036,1.3088592384,0.9103095575
-5.3802716068,-3.3878084315,-1.8136577359,0.9365915515
-5.8156831166,-3.4916174568,-1.1873179019,1.4009757849
1.496166112,2.1031686403,2.5326889294,1.5408355319
-4.6961286663,-3.2604266141,-1.708439856,1.5040192485
-4.3456356055,-3.0322032227,-2.3384058292,2.1069110079
3.4170007122,3.908265997,3.4519753011,3.6007637678
-5.981198373,-2.5730082462,-2.3934384099,1.3038838642
-1.2838100382,-0.7668068775,1.0910263133,1.3759450797
-1.5416763101,-1.4355756883,1.5158896399,1.324229504
0.3177551709,1.218549516,0.3259575793,-0.8876828568
-5.1597366328,-2.691984131,-3.025996734,1.9256075655
-5.1539811611,-2.572663779,-1.6459838341,1.6948773378
-4.8300146587,-3.1317899811,-3.0302775588,0.71436142
-0.3541696045,-1.2691536676,-1.0512973669,0.0603955903
0.7029768021,0.2128877378,-1.0999078555,0.1992470664
-1.1407195079,-0.8865018027,1.7610893039,1.2270986432
-4.3783893475,-3.302846525,-2.6850347449,2.0664639104
-1.1254119981,-0.4646461176,0.7443884845,0.7163825014
-4.9202966194,-3.3065043157,-1.7605442861,2.634011472
-0.3197168117,-1.5526860652,1.3243736814,1.5282004267
2.4047476054,3.6723411941,3.7189816629,2.8847772767
4.1294386235,3.4190215396,3.3801509235,3.8584549402
3.6761825271,3.0589477777,3.1739673981,2.3930029646
-1.0571360023,-1.2105104043,1.0929623138,1.0620177605
-4.3619872556,-2.6639943433,-1.6500347714,1.6126549796
2.5914306011,2.3561768165,2.604247491,4.2067073835
4.3878826871,3.8390755905,3.1128958585,2.5566163666
3.6340741701,2.7679700146,3.7363590022,3.6779930173
-5.345693818,-2.5177140089,-1.8032423169,0.9209838461
-5.8416823238,-3.433899998,-2.8783044829,2.1835912116
-0.1331182783,-0.4322216292,-0.267464722,-0.0151261081
4.302015771,3.2741406702,3.2529157371,3.6402129168
-5.548298001,-3.2994145354,-1.8305494073,2.0591858475
-5.1156261406,-3.9245149265,-1.6056124727,0.8056797627
3.3945007829,3.7661186155,3.1761711745,3.3248116476
-0.1879763697,0.3007490837,0.050060532,0.4728807828
-4.9832993118,-2.4454192067,-1.4742291909,0.5007418963
-4.3545055125,-3.4319445179,-3.3494972872,1.6249712185
1.550793802,0.371010258,0.5271328133,1.1975016275
2.2595184,1.5815000101,3.4252196125,3.5612675469
2.7389678102,4.4285663233,3.0636521069,3.3383369917
-0.1248659426,0.6970871061,0.952181782,-0.1470506887
-1.344892989,-0.0732840405,1.1141889349,1.1649592198
2.6985070843,1.7496985134,1.9560780751,3.3529800167
-4.6392776631,-3.0638066984,-2.4887147501,1.2731746241
-4.7517611334,-2.8783554406,-1.987596731,1.1937494108
-4.9658579791,-2.5103990653,-2.3330467681,1.6013445923
-4.8653118286,-2.9994609084,-1.6050722435,1.060989309
0.2534322621,-0.0344420019,-0.2608337545,1.0274972204
-4.7070599625,-2.5387241041,-1.4715993828,1.0777961078
2.8047858475,4.6755464706,2.5062155564,2.2457240947
3.4025991622,3.4638235599,3.4359195352,2.9288200441
-5.1925347759,-3.0231099736,-2.1127637329,1.5746139662
-4.7574260655,-3.5972711041,-1.7064153341,1.3854094417
-4.9729676376,-3.298686827,-2.2561994173,1.2019869303
1.0043893021,-0.0115115809,0.1493092393,0.6936962316
-0.6429342801,-0.0692879038,-0.2968766701,-0.2637460188
-0.9576407207,-1.6718052739,0.5110363427,0.9121393791
1.2627048621,1.9859282901,3.3030246978,1.0091687025
-4.6207944039,-2.5874636248,-2.3776914053,1.3172814746
-5.0951893286,-3.0245653989,-2.3343671167,1.5647327584
-4.8895217346,-2.8225021749,-2.1296817044,0.7407481235
-0.0401108383,0.495696555,-0.3388455945,0.4156668596
0.1740503959,0.4980391116,-0.7915703344,-0.116181612
-1.5288587615,-0.2741858969,-0.2391402612,-1.5266647819
0.2949598819,0.0707765899,0.460762291,0.395696889
-4.6175595919,-3.282848492,-1.6391951262,0.470244317
2.3802089349,2.9045854931,2.6875318466,2.5127511949
-4.2541766883,-3.369974487,-3.3043686906,2.5737547459
-5.1620447867,-2.5639949978,-2.0672203992,1.4916856904
-1.1150404004,-1.3870980176,0.8248618603,0.9852382666
-4.8583710299,-2.964847276,-2.2233148262,1.4769409181
3.919950057,3.2579012645,2.9516808917,3.6206679357
-0.884515145,-1.1817257413,1.2614889337,1.7647009056
-4.500044825,-2.8711715266,-3.1148598097,0.6957884586
-5.1263403924,-2.48350617,-2.9546737313,1.4532075756
-0.7162359085,-1.2374906097,1.2446727764,1.2688554396
-0.990408235,-1.103751689,0.3648800749,1.1847454484
-4.5733272236,-3.6924322187,-2.1920506755,1.8525723102
2.347517048,2.0006393533,0.8859834359,2.7795801265
1.3200726937,1.2549482999,1.4373285307,0.5909300741
-5.1790374267,-3.3337715517,-3.0787820515,1.6244436824
0.8206583528,1.2332667539,0.6424301049,-0.5980107596
-1.5702644767,-1.1610075802,0.5993743763,0.8082333045
-5.380204896,-3.1391568843,-1.3093903742,0.9301948238
-1.0287312135,-1.9439608099,1.2305847885,0.7396691865
0.10789793,-0.4558740265,0.0285261027,0.2162916489
-0.7227638984,0.0715863704,0.4577521852,1.9931425699
3.6837086046,3.4562039363,2.377269656,2.7239262073
-0.9936735486,-0.4292857475,-0.8129193273,0.1024929662
-0.9354748296,-1.2129986739,1.788367948,1.0931712254
-1.2594777156,-1.2102720564,0.5548479105,0.8250402057
2.8420363728,2.3473234971,2.3393921125,3.4571018447
-4.9444853067,-2.291799428,-2.1311791501,0.5127613963
0.099325415,0.3824008931,0.1248963563,-2.0770768802
-1.7724010965,-0.3479488953,0.3734815478,-1.3666056265
-0.1190484932,-0.0938043639,0.7168390368,0.3926835993
-0.6013007499,-0.2008364982,-0.3675823772,0.4355587938
-1.7873032306,-1.2993204154,1.2906730672,0.368964974
-1.0272533799,-1.2166030644,-0.8829709413,-1.1171838082
-0.5606537905,-1.2695297421,1.4802019577,0.77366446
3.5273795734,4.2432265486,3.6937715353,3.7521403277
-4.6324934022,-3.3984817293,-1.5779193469,0.3426266038
1.9651827775,2.3249218317,2.4426801683,2.8489592054
-1.6941733623,-1.0512680638,1.4340975866,1.9414847847
3.962155613,3.5237674723,2.55212956,3.1453074649
-5.2842788385,-3.8642021107,-2.8301604847,1.6298935714
-4.8850398876,-3.5521436434,-2.2047624444,0.8275146524
0.6454897141,1.2440891549,1.5556254516,-0.0332270028
-4.8637661802,-3.2845237143,-2.2741765576,1.8495811401
2.4368762017,2.9224429767,3.1287459975,3.8460552499
-5.5128118114,-3.3904676895,-3.0380323862,1.7457661098
1.1228259353,0.731987471,0.416953355,0.0604877604
2.817216861,3.4437350643,2.863109268,2.5434217386
-4.8107450091,-3.2277260224,-1.8922923148,2.0694503608
0.8381262257,0.9887189577,-0.652169507,0.3612333636
-4.128121223,-3.2819399018,-2.2083748304,0.9588875509
-0.3499798236,-1.3140315491,1.3712135236,1.3013466645
4.322559736,3.3097063233,3.1390993337,1.9641078217
-5.1035750441,-2.5693589849,-2.8417077065,1.6443838725
-1.4703681562,-0.7749668655,1.3795151932,0.4556763161
-1.1232250058,-0.8580543833,0.4372447645,0.1950197298
0.5235293615,0.3452017266,-0.0936208278,1.9849032957
-5.2374199746,-3.2507336964,-1.4305639285,1.5638838895
0.7969068774,0.3292373135,0.0267486814,0.2086782007
0.2701136616,-0.4440288708,0.2218387311,0.5676599338
3.2004150491,2.2293649898,2.588965929,3.4297759908
-4.7972159498,-2.9578009863,-2.0960941647,0.9837503985
0.390895626,0.4613221998,-0.1748954022,-0.0271005618
0.9090680333,1.8084737731,1.2471665803,1.8506057736
2.0689135132,3.3509108235,3.2589180113,2.7749173006
2.4307306948,1.2456082539,2.2477736937,2.2463050713
3.9273641709,3.6088881042,3.010591932,3.267535144
-4.8590735878,-3.6973282113,-2.1857026279,1.5621792109
-5.2140787389,-2.1903806038,-2.580866716,1.7085411497
0.5414196442,0.3341529159,-0.5880133551,-0.8003230832
-4.9845550096,-2.991530855,-1.9875101308,1.3594176247
-1.6441463711,-1.8683234175,-0.6821335602,-0.9894949514
-1.0423892536,-0.8004491827,-0.2257935505,0.9250115463
-0.6349840898,-0.407249281,-0.5802571041,0.9640297806
3.3025717558,3.6104385965,2.6388899416,2.2223980426
-0.3708758001,-0.6027826789,1.9893716433,0.6303568938
-0.9823044483,-0.5067961725,0.6594143752,0.656379417
-5.3659603665,-3.4332727785,-2.4616342094,0.84850022
-4.7093092369,-3.1887402169,-2.514251288,1.4369729349
-5.7881666978,-2.3200105343,-3.1397532096,1.0562356915
2.7513407812,2.728179319,1.7038336008,3.2549695984
-0.2479678224,-1.0304903119,-0.266110418,-0.7290757639
-5.1201356065,-2.690156014,-2.4222317943,1.9711536354
-0.3147018907,0.4956206336,-0.0506774412,0.4264182068
-4.5566920891,-3.666169069,-2.5437126679,1.2844755822
-1.7097011875,-1.1310836183,-0.0567834552,-0.6504903252
1.0454776576,0.1442523603,0.0399105233,-0.0034018383
-5.3387534034,-2.6582385713,-2.2138176232,1.6893760622
-0.2540805589,0.2408332046,0.2630478415,1.1337388657
-5.2596420556,-2.7870579205,-1.7058141708,1.5214953593
-1.3673934919,-0.8038161408,0.6552575361,1.8622419239
1.1831651545,0.0573936406,1.2951613898,-0.1374562923
-5.1298497764,-2.2438245847,-2.5348474602,0.9823034084
-0.357601117,-1.4731995932,-0.8085171921,0.1908833765
2.0666153625,2.7770297682,4.082957927,2.0200211056
2.629644067,2.9408279537,3.4904828029,3.6806126151
2.9019102765,3.2849584471,3.2545449856,2.7938322096
-0.2227068921,-0.7822256066,-1.9203392265,-1.7311926455
-0.911427683,0.0011375585,-0.5726059352,0.4214115665
3.7848343441,3.0198501488,2.5926836029,2.8272654908
2.6024597805,2.6179173372,2.4702040149,3.6606238311
-1.4774356488,-0.1065477807,1.4707673387,0.8007535324
2.875230378,3.5895376888,2.6677906077,2.5800540167
-5.0465841306,-3.6114689633,-2.1426151047,1.4239838694
-5.3892460931,-2.7870679055,-1.435099194,0.7388579907
-5.7731622056,-3.398344948,-2.1786779872,1.094441423
-0.6767172456,-1.745603808,1.7456487443,1.2375503219
2.3608945851,2.5635905993,2.6944216315,2.3867684451
-4.8979096581,-2.3895558015,-1.5581142064,1.6054389632
-1.2314587508,-1.6344653785,1.4959549337,1.5342049407
3.4420224605,2.0442524779,3.1571971439,3.4602242781
-0.7180706971,-1.9585540031,1.4887996162,1.5207517691
-0.2426118321,-1.2035411158,0.7929725856,1.3043634652
2.4265578233,3.482991991,4.1073970966,1.9030837979
-5.3012914439,-3.1195405373,-2.6031109559,1.0736438901
1.7337797272,1.5561285189,2.1365529934,2.1566250736
0.2048887663,0.1015965915,0.2406783697,0.6036666928
-0.9712507789,-0.7399222899,-0.1841012354,-0.6861313581
-1.1383366153,-1.4608065283,0.8429364342,1.1587761129
0.2683624246,0.8006736214,0.6589402752,0.5247376608
-4.7480327113,-3.4844249287,-2.2647284454,1.3858202429
-4.8680781189,-2.7391488202,-2.4258503338,0.8041189782
-1.2375215911,-0.9844838192,0.6841109871,1.0979138195
3.4261227926,4.7617872854,2.5332825557,4.4089452453
-4.934764671,-3.0589268498,-1.7006554779,1.7004160032
0.6111541107,-0.0108631688,0.3588670926,-0.8287666913
-5.5233775688,-3.5241560566,-1.5599589869,0.7637901017
3.7915540414,3.0871140547,3.206737104,3.6167888708
-5.2556906356,-3.1774238456,-2.5487520596,1.0218689673
-1.121187705,-1.4514579245,-0.8930162233,0.0220108977
-4.5132516192,-2.240119812,-2.0912785359,0.4764711132
1.0606707867,1.3376461799,0.5570611684,0.981524673
-5.5151006705,-3.2818596244,-2.3527297917,1.9349961698
-5.447365547,-2.7411875228,-1.6010003306,1.0321745798
-4.6443000033,-3.6639829251,-1.6952730102,1.4232772913
-4.6267263853,-3.5375848347,-3.2673443423,0.7791336616
-0.2512957875,-1.1331750831,0.9096687395,1.0338691144
-0.1933975519,-1.1578141882,0.7008647628,0.074877441
-0.5085354471,-1.3947468639,1.2648105921,0.7923087628
2.4566921043,1.4359659577,2.4970538501,3.7646559164
-0.3029155076,-0.0668531838,0.0725155898,-0.1194746665
-1.0807188626,-1.05763486,-0.1495251106,0.5697643618
-1.3552151504,-0.9648642119,1.818182014,1.1671758994
-0.2291100546,0.6655046377,0.378499129,0.5414667941
-4.9749182992,-2.5427435268,-3.1790616958,0.8208005148
-0.0093139554,0.9543948612,0.6411265363,0.1395229826
-1.8176602872,-0.7060665322,0.1719577214,1.3787618995
-1.177842269,-0.6478326826,0.8198196637,1.7014761156
-5.0407603436,-2.744892853,-1.9603185528,1.1275908104
2.1454097097,3.2318162284,4.0114275749,2.7928802459
0.917149903,0.1777280159,0.0428280366,-0.8438065962
-4.6522532322,-2.8656465886,-3.2646930034,2.0716770638
-0.3914319608,0.2601123686,0.8784640603,0.8606383507
1.6717050556,1.5845863755,1.0932380091,0.21974047
-0.2312464205,-0.5641215458,0.5691975126,-0.1637985581
0.8175885142,-0.2561403346,-1.1073484014,-1.6605872267
-4.954310047,-2.9580893849,-1.8576710583,0.9367959383
-0.9561030779,-1.426007183,1.360948584,0.8494768977
-4.8617927544,-2.0457978558,-2.3590047616,0.8922322103
-0.2009612391,-1.4580498987,0.2925629939,0.811661064
1.0557865592,0.5683754078,1.3806561338,-0.4142508682
-1.468287061,-0.8214034578,1.2008028868,0.8445582661
-1.4234133359,-1.1468350906,-0.7965456925,-0.7316402345
2.2938058871,2.5634726164,2.5682185159,0.8721169348
-5.7685114477,-2.5545405424,-1.5875762232,1.0321537561
-4.7574505616,-2.3779086198,-1.5795672649,1.7123652305
3.4102114289,2.742438519,3.3318457754,2.1935439775
-0.6527372908,-1.6844555534,-0.9539479585,0.2261776669
-5.3498229469,-3.4644542152,-2.7614946738,1.7546947601
-5.5541864831,-3.3368042731,-1.8911805569,-0.3398916416
-5.2970473384,-2.7508736727,-2.5355555399,1.2123235103
2.2457672781,3.9975439293,3.0267601828,2.9774754971
-5.0925002612,-3.2980194256,-2.5018560881,1.3531503228
1.8497666736,0.5721865914,-0.2903774213,0.3532450537
3.9125776199,4.2247879034,3.96791626,2.9701216537
-5.0455373503,-2.0784249028,-2.6062827065,1.5362733679
-1.486212965,-1.1702795139,1.117131916,0.6109480521
-0.3109193429,-1.0015678974,1.3882481249,1.6768886503
-5.485775121,-3.162639741,-2.1079991793,1.1184938244
-1.1294386561,-0.612746871,0.2912808521,1.2497713103
-4.5015518901,-2.9275116295,-2.1014425107,0.9992460726
0.5258927147,1.0033477813,0.1841557972,-0.6096325758
-0.9539131001,0.2346014072,1.774046403,1.4889130412
0.0327967494,-0.1193030147,-0.2140501559,0.4626580226
-4.5662066417,-3.7160076886,-1.696718253,0.8312717879
-1.1024039579,-1.5510005456,0.9381684762,0.7872131189
0.4636125513,0.3253804089,0.3655898415,0.0991978702
-5.7982726777,-3.3733607704,-2.8614882343,2.0018107835
-5.3109403926,-3.5553727853,-2.1346450301,-0.1110122095
-0.4215689046,-1.1617076022,-0.8857708516,-0.4886238639
3.1166828264,3.5005497897,4.0011239788,2.9146492976
-5.3667710873,-3.3990247312,-1.5621671476,0.765695285
2.9656281638,3.6664983733,3.0330979815,3.1442928983
-5.147315761,-2.7366210244,-2.5287968503,1.2711629461
-0.7910361494,-1.1677462806,0.6670408503,1.2407719216
-0.7839117779,-1.1958415023,0.6268319641,1.3513881225
1.8669910689,2.6152484526,3.018084762,2.3235474663
-5.4906580532,-3.0010624891,-1.7370923591,0.7712012339
-4.3134334547,-2.7683277035,-2.2969016193,1.5305867996
1.6664073111,2.780338932,3.0441540679,2.2118901084
-4.4635534862,-3.2181315781,-2.7392126802,1.2156898472
2.1955078547,1.1175790542,1.8749285668,2.2530525984
3.1801927943,3.6859963582,3.0240824831,2.8191586752
-0.6773150742,-1.1781311286,1.279835414,1.0050476633
-4.4816339697,-4.1046376179,-2.0236295334,1.1601122592
-4.265717685,-3.7783015102,-3.2332145895,1.2051579859
-0.6916367289,-0.7005409128,0.4002814269,1.1364029429
3.3633388598,5.0258440423,2.2005510305,1.8434789328
1.6508212867,0.8170539554,0.0610566671,1.3225002995
-1.4961282011,-1.3543969425,-0.6733301468,-0.8084163728
-5.4704851411,-2.5663786681,-2.3129326841,1.4862710115
-4.2460006774,-2.962210237,-1.9170629116,1.7226977184
-0.0369874036,-0.748688824,0.5144933502,-0.7089092174
-4.8299309171,-3.1738044232,-3.2052792116,0.7141272268
2.4002905814,2.0353632965,2.8274964286,2.2838224366
-0.9001535507,-0.0553431308,1.3408626692,0.5094423767
-0.4387996213,-1.3698368551,1.4676001616,0.6162388145
-2.016373235,-1.5356505476,1.3518335452,0.921310452
-4.7256763674,-2.3060698162,-1.872178871,1.8987412968
-5.5694331484,-2.8626898977,-1.5483086542,1.4584349768
-5.2615547521,-2.8069055316,-2.3708978613,0.522458785
3.766092144,3.6390614923,2.7412916916,3.331116771
-5.4173518932,-3.2400673756,-2.1900091365,1.4203907076
2.4845263801,3.2184050261,2.3681777377,2.1898766744
-0.4295431628,-0.7066209913,1.3655999601,1.3411434317
2.2878018902,2.6274164954,3.4172304418,0.9947566976
-0.765409034,-0.7428709865,-1.0711616891,-0.8607575798
-0.7999733775,-1.8760684553,1.0920355645,1.9594547519
-0.6797637356,-0.6748821956,1.481062014,1.1651722425
-0.8848280041,-0.9384450443,-0.4255923408,-0.4199904356
-0.3145227408,-0.0710022636,-0.3697096203,-0.2777414544
-0.0274554582,-0.1714829126,0.5307218566,-0.9078834092
-4.542185959,-2.9710338399,-2.546920868,1.3209673896
2.0352812406,0.4771478731,0.3167931881,0.7009460075
-4.775178688,-3.551102117,-1.9774211674,1.1845223116
-5.2595764466,-3.1165117927,-2.1498306092,-0.2654411026
-1.3915496967,-0.2684473638,0.3750906161,0.6316224373
-4.9465855496,-3.7028785719,-1.4752020018,1.3897206063
3.7723583163,4.1846231892,3.5295569564,3.4933966358
-0.2336850018,0.3810672181,0.7082227584,-1.7641179876
-0.9965069086,-1.6052433553,1.6716564107,1.8784368684
0.5259283079,-0.0112456356,0.9706906022,0.4030366123
-1.7141279342,-1.2425996722,-0.7167468764,-1.0238323806
-5.4880203608,-3.534637219,-2.1405885738,1.3029817601
-0.9268946046,-1.9310478836,1.3699083516,0.608214414
-0.4768574529,-1.5913476847,0.2105631971,-0.5939001023
-4.8234768645,-2.6899144524,-1.8254490049,1.8695562714
-5.1543056562,-2.9419215734,-1.8865699797,0.5204022782
-5.2460476491,-3.2393060584,-3.157541197,1.5751568347
-0.5246671148,-0.3433395535,0.6911198991,-0.9520516905
-4.5025028573,-3.3096758905,-2.4458512874,0.6963804512
-1.2994508303,-1.5732873678,1.5622768709,0.8031123459
-4.0950348971,-3.599689788,-1.4252242933,2.0241236577
2.3495504619,2.4716199818,2.9323882879,2.046671306
-4.6015425189,-2.8774342685,-2.0594841196,1.3426648595
-1.6314309049,-0.9700792941,-0.1199969279,0.9453124499
3.070591152,2.3986842077,3.7421597393,1.8758051002
0.0831249323,0.5666632692,0.3627830077,-0.1822921081
4.1395674008,4.235041802,3.5480623053,3.2371530866
-1.3411646902,-1.4691800872,-0.3471688437,-1.1740890969
-4.4382958548,-2.8689998519,-1.6888455548,0.1717650704
-4.8192100656,-3.1787126707,-2.2123338894,0.8648706334
3.9608409451,3.640745454,2.388378524,3.8084975492
-1.7089267929,-0.7213478092,0.694770797,0.9400101576
-0.9559717753,-1.4314205529,1.0641509503,0.3703949198
-0.8398242402,-0.9975188528,1.017912827,1.4815580803
-0.5174162874,0.4808200536,-0.7035131822,-1.3516424098
3.1618589535,2.7992147952,2.9233514781,3.1719351141
-6.0042442599,-3.108907567,-2.3842809748,0.7366271402
3.5504127809,2.7729001185,2.2053666906,3.6394646654
4.1775403545,3.5228299136,3.215235518,4.0132300364
4.4220964174,3.0470327542,2.5280650088,4.1143271268
1.5135580065,2.619181299,2.7844077288,3.4937036234
3.1275655361,1.9147754153,2.2241032905,3.9149422819
3.6774227798,4.0109259384,3.891057148,2.5500726922
0.9503156047,1.4469692504,-0.2034167624,-0.7969040514
0.6314282785,-0.4823531761,-0.2623563213,0.9516969017
-5.296158,-4.0209956529,-1.9897186799,0.7691875416
-5.0614948984,-2.5356821913,-2.1566400028,1.7535438991
1.3218933941,0.9850951568,2.0988607669,4.5472819033
-1.0971199281,-0.3153751327,1.242610916,0.7788149981
-5.0382631901,-2.547915022,-2.0911492659,1.9757522891
-1.5520620954,-0.6119891147,1.0908477751,0.847246192
-4.6747051108,-2.4643762594,-2.2184938583,1.1843887406
1.9309955642,2.5446894146,2.8918085603,2.8540133297
0.584127774,2.0308420694,1.78420554,-1.0768672091
2.3325338676,2.9944724831,3.3856166733,1.4039722706
3.1844244291,2.9556982272,2.6458784897,3.2003674541
-5.6107004178,-2.844495271,-2.9372066807,0.4632133187
-5.4851777649,-3.0124462299,-2.5763265955,1.5482172298
-5.1462207067,-3.0810365242,-2.1651227847,1.5253860094
-1.5135265216,-0.8393469276,0.7846131793,1.2757279932
-1.2219938518,-0.527423908,0.2663714014,0.775682185
1.3717836819,-0.2515198335,0.573009485,0.7282483842
3.5658262593,3.1363808451,2.1515197931,4.9719491881
-1.1649731495,-1.5288433417,1.2205178521,1.4498930591
2.1543551657,1.989508187,3.2541816105,3.5806934746
-0.6641579202,0.4717760445,-0.043946471,-0.5828400939
2.3499168896,-0.2734038791,-0.1103735374,0.303471906
0.6293553424,1.4233236812,1.3977217304,1.8994879352
-0.598957432,0.2486422355,-1.6492566664,-1.3187480707
-5.3990674799,-2.5475532023,-1.6204534364,1.9517671817
-0.6719882856,-1.5476919239,0.8996266795,0.8241874168
3.0958014841,2.8808289267,3.2776540416,3.8495024271
-0.921549694,-1.2367068401,1.3092998329,0.9622851413
3.1506288286,2.7097767911,2.4741778069,0.7125468013
-5.3024426003,-3.6374880813,-2.0014574528,1.4972752853
2.5775986398,3.0457353044,2.7480998145,3.6708335647
-4.6091444529,-3.2014425504,-2.5258977777,0.8349538538
0.8954494969,0.9853062895,1.0132301788,-0.5507819925
-0.7089444201,-1.2691810969,1.9319720278,1.8019338407
-3.9599913216,-2.8835967781,-1.9342749705,0.5488171613
-5.6126403216,-2.6625035437,-2.5753033181,0.5779820993
-5.693018186,-3.357867,-1.4564429373,1.7097695695
-1.5082934936,-1.0670614217,1.2021551115,0.3679525989
-0.3702616145,-1.8527299401,1.7263444785,0.9594507385
0.9630570376,0.8095001545,0.0402624663,0.7278658712
-0.7870601649,-1.5134022155,1.3274044849,0.9131999711
-4.6033674922,-2.7314121876,-2.3972110128,1.1353246602
-5.5049540439,-3.038536074,-1.7020069478,0.1517334153
-1.0696209713,-0.9024817982,1.2053161559,0.9969264914
-4.2122574214,-2.6702661662,-2.2803786531,1.2239381648
-1.2904955905,-1.380818649,1.4258837208,1.3127264847
-5.2339871182,-2.4988333446,-2.362305202,-0.3130557843
-5.0764209786,-3.0090328883,-2.2273519056,1.338739294
-4.9823689157,-2.2259464318,-2.3186220968,2.0915904445
-4.8343807517,-1.9091148311,-2.2811799266,1.9428639017
-5.2555961717,-3.0610834595,-2.5033383014,1.7745307741
-0.2631717218,0.3333379405,0.3037336402,0.7326150901
-4.9052647278,-3.251227541,-1.7910924311,1.641019932
-0.2317131211,-1.4279748046,0.6457081826,0.95180731
-4.4811724434,-3.3288104292,-2.0539662807,1.5646422091
-5.1672671427,-2.2758318724,-1.9838253392,1.1522391518
0.6330825124,0.5537433684,0.1752201031,0.2055389422
4.1211450276,3.2186788963,2.561017066,3.4698573443
0.3373909652,0.0460060122,0.812146287,-0.7823872427
-1.4551151101,-0.968519276,1.4797589693,1.4794136625
-0.372468538,-0.2663907578,0.1852920798,-0.4597182871
-5.1338383936,-2.8003068839,-1.6339899318,-0.0677965935
-1.3314578573,-0.3659041841,0.4994505161,-0.411115223
-5.8214271389,-2.791244969,-2.0313696994,1.9459034247
3.8296289242,4.4186893792,4.1015321292,3.9832251904
-4.7359020104,-2.9337791294,-1.8551981221,1.698091966
-5.016431094,-2.8463242107,-1.6873341175,1.3266048444
-5.0287955504,-2.5418853311,-1.8722424788,0.5638743111
-1.0884181157,-0.3699593473,1.0692205519,0.5163083208
-2.4817886644,-0.3995465827,-0.0219250636,-0.4780546727
-1.5626792317,-0.7717688343,-0.6092247287,-0.3712550888
2.0144223612,2.4062726294,3.0534652188,2.8255941401
-5.0772543736,-2.9404187898,-1.4312720932,1.2951139326
2.9880468198,2.2189176702,1.6068674687,2.8461937407
3.874241854,3.5797551218,3.7176065853,4.0190691313
-4.8972458855,-2.8988585139,-2.6964432392,1.7557657455
-5.3445020068,-2.9049624143,-1.6112415365,2.1844602194
-0.8623849155,-0.7597621945,0.639783904,0.6437300655
-4.8436333857,-2.890460934,-2.2842654926,0.5578838203
-0.0441689045,0.9391353871,0.0029064602,0.1693110678
-1.2710340246,-0.8312870667,1.200296826,0.8292849999
-5.0357330771,-2.9982836433,-1.9758516812,1.4968146832
2.4998757217,2.3147686916,1.6075428274,2.7096389239
0.0771555402,0.2230421589,0.1232096168,1.3329276135
-4.8119238116,-3.6031663335,-1.6273730454,1.1224183509
-0.9832448698,-0.9841790741,0.1096444121,1.1583771908
-5.1979828233,-3.5084115491,-2.2332228073,0.8461659666
-0.403833197,-0.8595449231,0.7520541941,0.2322091644
-0.994718927,-1.4168484219,0.9029242793,1.4593259277
-1.1861150399,-1.6508483456,0.7276827102,0.9529189104
-4.4836300636,-2.4159358014,-1.2673194967,1.3671342024
-5.2353268717,-3.5754335331,-1.3825561592,1.4526140866
4.4300691737,3.3787435241,3.959291895,3.1265299635
-0.6356948853,-1.0929547548,1.1553246532,0.8330841841
3.1699893487,2.1971077849,2.7608754466,3.6843066707
-0.4618704132,-1.0813982931,0.8416569322,0.4325018887
-1.50362304,-1.0626182415,1.4133292038,0.1501919114
-0.8816959813,-0.4690536796,0.6989819269,-0.5278698514
-2.04228798,-1.2558315619,-0.3044692844,-0.3902372126
3.1862084346,2.1722822302,1.3856084463,1.6987783631
2.8366687107,5.0201906145,3.8587742954,4.2450480322
0.3885777554,-0.2801885693,0.1296379565,0.1399489849
-0.2452291757,-1.1040915614,1.1354234697,0.7709373938
-0.8918338854,-0.2844210106,1.8932193795,0.3841043218
-0.8539728369,-1.1739909612,1.4583667599,0.133867224
3.31830885,3.5065084506,2.3975860545,3.0356792714
-5.2261142309,-3.101727365,-1.7415696189,0.641980728
0.8387204493,1.538477512,2.6004283872,2.8853886522
1.9222703499,0.4188633353,0.8039055554,1.1306145622
3.954102051,3.8468409205,4.1701811068,3.4083999739
-4.4477236727,-3.0527454878,-2.6512431425,1.4779835553
-5.3539921228,-3.2753822429,-1.963313551,1.7357118986
1.7576291445,2.9320284631,2.9687075964,3.1137352797
-5.1717802793,-2.9047691624,-2.9999414895,1.3951978272
-4.6343408571,-2.0519332168,-1.863451291,1.1191632899
-0.0600425661,0.7006181776,0.1077202384,1.0191916837
0.2517845636,-0.258157685,0.9111454348,-0.1949473859
-5.0074435176,-2.3693809206,-2.5943745341,1.4755777721
3.3142447584,3.2277984204,2.4299142011,3.8620216516
2.9681435814,2.3918197018,3.0720355751,3.0266775403
4.2499725481,3.2005140901,3.9901704098,2.6383862211
-1.133179184,-0.2462552886,-0.3832614137,-0.7116514228
3.597474091,2.540278047,2.0585962657,3.5737514486
0.0386396873,0.4250842659,0.0791841128,-0.9401014553
-2.3242384488,-0.5360764171,-0.3641845173,-2.4100931463
4.125749307,4.2017860558,4.7002517915,2.9594451047
-5.5443479222,-3.2647146473,-2.0139908834,1.238655949
-0.2806184623,0.0955684638,1.0513533624,0.8136686183
1.9598436034,3.4011748893,2.4761400229,3.2157074513
-4.9526772828,-2.865883407,-3.3743856848,1.2880764498
0.2268614559,0.8107305316,0.5715285759,0.7870394324
-5.0642861309,-2.5252705696,-1.848488018,0.3821029535
-0.3025947886,-1.0417091076,0.7462773114,0.8435952715
-0.3963476432,-0.3997744685,-0.7278713477,-1.1067654004
-0.8057990155,-0.9539550099,-0.7883299501,-0.2483655878
-5.3871199645,-3.4559448362,-2.1886131023,1.4035137871
3.0531498512,3.191194118,4.1797873907,2.7940260128
-0.2178956855,0.2558149686,0.5726295921,1.3181509222
-4.6533810882,-2.6150474272,-3.356112766,1.9856878883
-0.7020570778,-0.1376257774,-0.1731797463,0.0483104119
1.1800295468,0.3429818089,-1.065620682,0.627983727
2.7139783443,3.635294412,2.92574423,2.1567903236
2.0957461266,2.1966124269,2.806969359,1.988335293
2.4337641656,3.6928409894,3.6651994452,2.133799142
-4.3036549263,-3.3769592648,-1.9260969859,1.008511885
1.4514621219,1.9627574887,3.3771322944,2.6763120398
-5.4980758437,-2.7908422069,-1.6214325673,1.5115521644
-0.8267419839,-1.065816117,0.9366957877,0.8856656369
-4.8472789487,-2.8599184521,-2.2100908186,1.6886263969
3.9988680546,3.5409915317,3.6383747126,1.8733380992
-5.466134128,-3.1566383502,-2.838620999,0.4217000359
-4.983041079,-2.5899305695,-2.367550273,0.8612398645
5.3622776704,4.1473720129,4.111017065,3.6683283272
3.7598559562,3.2753177251,3.7227797142,1.8067614064
-4.8125395345,-3.0131707601,-2.4086387291,0.8562169315
-0.6849534599,-0.4312853417,0.9588970337,1.1908659914
3.4420176082,3.7735853383,2.9144156276,2.9687692936
0.3132902515,0.4522993742,0.0685443412,-0.4021240324
-5.1834257721,-2.0596719973,-1.637699504,1.0790593872
-5.6729882145,-3.1193318107,-2.5435031708,1.6936425947
3.7440537967,3.2295525749,4.3348105866,3.8715700108
-5.299589915,-3.396242208,-2.3618579447,0.5008028587
-5.2261243458,-2.7130978411,-1.9004164506,1.0113741295
-4.6773399081,-3.4866394978,-2.2825152337,0.5082778828
-1.0082429796,-0.6418118606,1.5246392714,1.3388891416
-0.8100761234,-0.4112842277,-0.5326448421,-0.4990048819
0.7502862129,0.7676796196,0.6836071361,0.2655929275
-5.308228254,-2.4812459564,-1.6737154662,0.4452223476
-0.6616885235,-1.1466896457,0.7214478047,1.3633266609
-5.0175988687,-3.5153883683,-1.6283462334,1.8692510463
-5.4476719552,-3.2284211514,-2.9393378363,1.6409928787
-0.7599153668,-0.7537626436,0.9734857816,0.9058822766
-5.0189457972,-3.069166312,-2.2687506922,2.2022487775
-1.3634912445,-0.412479785,-0.3560383978,-1.7402756402
-5.5022403799,-2.2830405309,-1.580045518,0.6958095521
-2.3848345922,-0.6903175485,1.0125463814,0.6626135949
-5.4826601611,-2.4152057211,-2.0609968033,1.3376750933
-5.1236301631,-2.9284251038,-2.4331831965,0.9272422901
-0.5458696617,-1.4508506057,1.5999729538,0.9965467949
-1.5634256998,-1.720560092,0.5903859296,0.211469767
-1.6520318962,-1.7335123598,1.367204998,0.9129403574
-0.7379573551,-0.8979233666,0.997630493,0.3242986819
-4.6803898519,-3.0775517082,-2.2818360742,0.5669817003
-5.7169367175,-3.2655444163,-2.5078354142,1.6184335596
-0.5411984031,-1.8109932962,1.0158777074,0.654683371
0.9069950654,0.4423303074,0.3677307244,1.4265725975
-5.0563073173,-3.133481456,-2.4286641231,2.0036184291
1.7836173261,2.3972729956,1.308435681,1.7044445376
-1.1315779589,-0.7461662871,0.9962721979,1.8680599338
-0.6635415676,-1.5706821466,-0.9160686673,-0.8598768952
-4.1643370446,-3.8133259477,-1.9881580712,-0.1288097058
-4.7159154299,-2.9229106745,-1.9170892056,1.5316258858
-5.3081772617,-2.4733733541,-1.7223025943,1.0322829412
-5.4059476365,-2.4686608772,-3.1719132046,0.755550814
1.7701997261,1.0240935944,0.7442525632,3.4741498287
2.8272300642,2.7884609792,3.0536911367,3.4546156704
0.9774774922,0.3758207901,-0.9978940708,-0.5451958364
-4.5970619331,-3.8307326891,-2.748715412,1.9282981938
-0.4610795178,-0.5625450711,1.2414649978,0.9474647893
2.3150591248,2.1677188714,3.199466384,3.9964546945
-5.8820625431,-3.0437635809,-1.7229829,1.1082536618
3.022230065,3.4214935497,2.7370937046,3.8934659112
-5.1903943613,-3.3658576927,-2.2898798778,2.2033008944
-5.4138356143,-2.7051257075,-3.0123177073,1.7657886969
0.3722975848,-0.556644409,-0.2602309925,-0.4495317464
1.0235454295,1.3283760874,2.0973267432,2.1841481079
2.9600940649,2.6529089085,2.2350355491,2.0618142162
-4.7621526757,-3.0881023816,-2.2515187637,0.711348409
-4.8571877652,-1.9861510785,-2.272495373,0.8020034677
3.8469198591,3.3934627272,3.3205863351,4.1931196085
2.9281940646,2.6071731589,2.3877233144,1.2585152356
-5.3906861396,-2.323926091,-2.3581989217,1.2048173021
2.9379508075,1.4078080346,3.0051500033,2.7793688725
1.2180397215,2.1573233765,1.9540960495,3.717261967
-1.2516970117,-0.517146564,1.0304335967,1.2518020667
-1.4686622131,-0.8928750624,0.0447206233,0.9455600108
2.5622399469,2.3745225253,3.0048884899,2.7446691534
-5.1740550353,-2.4635369245,-1.4187313485,1.7659434723
4.6959757547,3.8361559961,5.0967775812,4.3207759345
-4.8843451584,-3.8122681125,-1.586066388,1.6169774318
-4.9658278597,-2.6908364694,-2.5909463576,1.2339142794
-0.3354121205,-0.1626694021,-0.4560109714,-0.375242224
3.4344162731,2.9555279513,1.9478942412,1.6153108562
2.6699714588,1.957313853,2.4431413701,2.4162808314
2.9034828036,2.8080382846,3.6838511095,3.9571529577
0.534998884,-0.573807463,0.056168688,0.4888683999
-5.0575603914,-3.5349066449,-2.6804416704,1.3301633424
-5.325449637,-3.1492874416,-2.368955429,1.0379477237
0.466643312,0.4616230502,0.3709811745,0.1160663644
-0.10515048,-0.3295902873,-0.3838036215,-1.2481360158
-4.7385948666,-2.7297151418,-2.5975751089,1.0621958077
0.9437530865,0.9720518517,0.480930663,-0.696463784
-1.0132974449,-0.9668866397,0.4629279418,1.172792012
2.3036186797,2.1314481899,1.7743712619,2.397676447
0.5091731023,1.4680440415,-0.0301846748,-1.3791200361
-0.218988269,0.1323835264,0.3856026987,-1.0802148216
-5.2905714067,-2.9988753183,-2.3199963863,1.3729620533
2.3898122303,2.0397661003,2.4788760448,2.651643099
-1.3026404266,-1.4443281187,0.8637023762,1.277393764
3.0120311976,3.9721497051,3.4283696404,1.9112551973
-5.3694621873,-3.1477897221,-2.1647577534,0.6538415202
-0.3917556088,-0.3318673239,0.3631740135,-0.6241258507
-1.3464670298,-1.0032077229,1.0701656645,0.8154131064
-5.4941338414,-2.5379567533,-1.9695056841,0.7263337437
3.4451130398,3.3402226634,3.7164422826,2.5579284773
2.7537570007,2.8967922574,3.3163053301,1.9003472119
-5.1734494386,-2.8222632441,-2.1590078014,2.1137247862
-4.7151425092,-3.4866587833,-1.3847451084,0.6545273302
-4.5417919166,-2.8801065136,-1.5540100513,1.4425093023
-0.2413425251,1.0528861435,-0.2957583923,-1.3342098729
2.9463072498,2.2782465937,1.7834236296,2.2886682159
-0.967836965,-0.4943018711,0.4754673779,1.6970379131
-4.9506928761,-2.8204055864,-2.9559437824,2.5095868761
-4.8600388906,-2.9221966203,-2.1554993106,1.0465473501
-5.1508344308,-2.6312094293,-1.6168670387,1.0253418724
-0.8653909681,-0.9997151866,0.9046059293,0.537748948
0.324655001,1.1013184499,0.0801925359,1.1699155241
-4.0816315393,-3.2595716617,-2.2000395945,1.4303258363
1.7377849643,1.9496080581,1.505819879,2.1285556677
-1.1129409735,-0.7814982224,0.7291290248,0.3449797305
-4.5355344216,-2.8323382062,-2.7942316973,2.7665120029
-5.0054751165,-2.8141742398,-2.7260549728,0.4574636752
2.6662834557,2.5644859903,2.9409818295,3.371385537
3.7882739331,3.0552940313,4.2427880193,2.4777611552
-4.2612563968,-2.9631754865,-2.6289285704,1.2607160134
-4.1234800228,-3.6793894645,-1.5773411994,0.5356050947
-0.964005921,-1.6773240362,1.1902575705,1.0069437073
-1.006431331,-1.6346856277,1.4690998779,1.9069937694
-0.9734988058,0.1016758882,0.7949030107,-1.5502629304
-0.9641425327,-0.4004650797,1.2594806606,1.4992080952
-0.443601345,-0.4321599432,1.0459306948,0.7675222209
-0.5584789747,-1.3437391497,1.0949897659,1.0240190324
-4.4630783242,-3.4383007351,-2.7552019448,1.1546367628
0.9101198247,2.2541265172,2.477410766,1.8555472566
-5.0912328489,-3.2366981246,-2.4054135625,1.6333936042
-1.3283187463,-1.0731051593,0.4693189435,1.2620461077
-0.7266600857,-0.8755096669,0.6578447531,0.7613129727
4.7336564754,3.7641568703,3.8648557786,1.800848179
0.7692801259,2.7656398919,3.445051638,3.4904035654
3.7543509369,3.5139780238,3.4999669869,3.8757781193
-4.957086701,-3.5059001828,-2.5570328555,1.3355205296
2.6075201324,2.9511283618,3.0516283247,2.6767498567
-5.5347498837,-2.7312421603,-2.8172874263,1.0413798152
-4.9736569956,-2.2977234395,-1.7769127269,1.8535215374
3.2773679854,3.8964246025,2.5326132,2.8657171121
-4.5072954476,-2.4611826624,-2.9993453827,2.2736450065
-4.8912180422,-3.3831981052,-2.4964131123,2.0120200663
-4.6309212833,-3.2583674917,-1.4203061251,1.9308916496
3.2588173512,3.5715304167,3.3067548893,2.9209683624
-0.5671049432,-0.8526535801,0.9833335699,0.8314779162
-5.1017924445,-3.1010862373,-1.7434831255,1.2892579655
-0.7722068849,-0.437289193,-0.6088007699,1.4361919196
3.4370265421,3.7333425692,4.9526362417,3.0500103585
-5.4151102319,-3.2991203628,-2.493450945,0.5923913053
-0.5960936978,-0.7259537122,-0.9023665228,0.8494589292
-5.3774924956,-2.7240281115,-1.8566292295,1.7533886607
-4.5474352565,-2.447409902,-1.2549215587,1.0107754134
-2.1061291733,-0.613074753,1.2167127205,0.1797598165
0.6093319079,1.0976618879,1.433411366,0.4211210866
-0.573598866,-1.417021626,0.9632410575,1.9067610809
0.2236293297,-0.5794018523,0.1413714219,0.6722145909
1.687933452,0.7493029277,2.1630076512,1.3166234141
-0.0847703396,-1.7702109904,0.31166196,0.2503983973
-5.3091901109,-3.2416917905,-2.0433545532,1.1262946929
1.0828801033,0.9429303698,-0.0156480232,1.4679255272
3.6397886446,3.5810750662,2.9686800544,3.3864100425
-1.3908185979,-0.4636462562,0.9058704568,1.1376720161
-0.3607954094,0.3801053922,-0.8287980688,-0.2848787729
-5.3837928633,-3.4677383483,-1.4868780729,0.5692870982
-1.1511596451,-1.1171849038,0.5085239932,1.3474317617
-4.7544244187,-3.2928990855,-2.5802040152,1.4065065743
-4.6398212247,-2.7640934059,-3.532271249,1.4723195622
-0.9085472314,-1.1643871237,0.152513606,0.6894848691
-5.4194277369,-3.4715500527,-2.7548005366,1.2238982161
-4.9267981887,-3.3845107174,-2.9798493934,2.1192150337
-4.8663426847,-1.9212857809,-2.3071450408,1.1520639407
0.5342960147,0.4164321812,-0.9081339588,0.263701194
-1.7487934096,-1.4980751293,0.8691547824,1.2147679463
0.2168057646,-0.8487839965,0.2111310257,-1.0149687549
-4.9068220526,-3.1377999081,-2.896637612,1.9382003011
3.3427331228,3.8262857705,3.5337462425,1.5083723264
-5.7322313479,-2.7982677307,-2.5459669691,1.6307325762
-0.3909832684,-1.2581311714,-1.4542549501,-0.6989422925
-5.0229421814,-2.5269255974,-1.9638853303,0.8513283579
3.716681045,3.142196179,2.7255449451,3.0505193132
2.5436836606,3.3711711513,3.2066622731,2.8437014665
-4.9654116744,-3.2400680947,-1.7563521691,1.5751187641
-0.6861745671,-0.8762732976,1.2731768899,1.1498596459
-0.8340889366,-0.9836047177,0.7093894717,-0.468735315
-0.8104370257,-1.1787893372,0.9493469813,1.4148587227
-1.0031799376,-1.1396630023,0.7758204292,1.032480948
-1.3460342844,-0.8183462824,0.8660525855,2.0767071814
-4.5629535039,-2.3160114623,-3.0703741341,1.746661296
-4.6944758204,-2.7134767467,-3.0564761058,1.6164017732
-0.4555599992,-0.823548953,0.7674136737,-0.3970968504
-4.9269769489,-3.4641250563,-1.3222755297,0.75460453
2.5186930768,1.8189786134,1.4940785122,2.1547504767
0.5994626248,-0.1212600238,0.841682102,-0.8680864622
-4.3826608886,-2.7584456919,-1.784289574,1.6823212826
-5.3599152899,-2.2353731991,-2.3527350895,1.1066773032
-0.6141340147,-0.5422286645,1.3416301328,0.1265404944
-1.1788842003,-1.7273244608,0.9381926771,0.9902247027
-0.4595794797,-0.3906361213,0.87183125,0.9942021128
-4.7041200184,-3.0815024221,-2.3772434437,2.4252790368
-4.473082186,-2.9599074028,-2.3646468079,1.2639159649
2.6750222117,2.3337512143,3.9220064483,2.0775866634
2.2418615524,2.7193925159,1.813662067,2.2562082172
-4.5695900543,-3.5442190251,-2.2053555443,0.7629086084
-5.3443581722,-2.9957651338,-1.4689030279,0.8285780946
0.3661459713,-0.2406872731,-0.2496446265,0.9712357646
-4.8877053413,-2.3006496463,-2.1267678961,0.2532805436
-5.1794451524,-3.3471417676,-2.3368233266,1.8929497497
1.47264125,1.8986779811,2.6792767338,2.4319036854
-5.2046772332,-3.273403671,-2.1840251823,1.5140571634
3.100512605,4.3219094868,4.1826800777,2.6950391227
-0.6610951055,-1.1803587438,1.961315646,0.4581590323
-4.669605341,-2.247516075,-2.4518591239,1.87643057
-5.0305512944,-2.7636888876,-2.3625691353,1.7889947455
-0.5625219584,0.1668004816,0.271179672,-0.7458281863
-5.1713296594,-2.9644383887,-2.2357476624,1.2072162951
2.1052120652,1.5610833688,0.2880914161,1.201326023
-1.1752024577,-0.2093507184,-0.0306270497,0.8375534722
-4.8474135264,-2.1905305249,-2.272501441,1.2789620215
-0.9424565067,-1.1273984274,1.1085696937,0.7783029532
1.4566628266,0.2567224822,0.2221361735,-1.4442799645
-4.8987505764,-3.3320051991,-2.0313997707,1.4600021995
-5.0224387427,-2.7611800561,-2.8384179633,1.5899161814
0.3225159079,-0.7965910472,0.1546085851,1.7760834913
-4.0295430853,-2.4256661086,-2.2333316855,1.6784413278
-5.3081825171,-3.0418669778,-2.3555815141,1.298895597
-5.0633951731,-2.6419157725,-1.2407237786,1.8806720502
-1.1708530218,-0.9053150806,0.8089645251,0.9441448223
-0.5780231467,-1.2241125829,1.8288489232,1.1406353096
-1.0261252837,-0.6539595983,0.1236130972,-1.1708956994
-0.3992396017,-0.487476227,-0.8254555185,-0.8097840528
-0.8239473886,-0.3473997109,1.1475276481,0.935902485
-0.2552479582,0.9202853405,1.461274856,-1.6224308257
-5.8303289215,-3.5867575525,-2.3049363955,0.607117791
-5.0594848712,-2.5998160931,-1.5595914731,0.7809497274
-5.1294901229,-2.6329143054,-2.215228233,0.9050122185
-4.8178046809,-1.4377110651,-2.094090863,1.717949854
1.9928047782,1.0023333805,3.2006214171,2.539477262
0.4562060333,-0.0143453768,0.4173447846,0.0750331834
-0.7445721676,-1.1287812443,0.874025771,1.3031976545
-0.1214339694,-0.3074920068,-0.0756917849,0.7375133751
-4.4054510261,-2.6957383356,-2.3279790241,1.4015840613
-4.8445109569,-3.6528468834,-1.671309095,0.2762749277
-4.6129568447,-4.0887171315,-2.8170577206,2.1990791908
-1.2006109588,0.4486224086,-0.50955619,0.8376110598
-5.2236683965,-3.2766513086,-1.7713154423,1.7006590194
-0.5547780785,-1.2721338175,1.0255739952,0.2223107879
0.3523538966,0.3160754246,-0.137953453,0.8420781226
-5.1702063277,-2.9946960699,-2.4855206286,1.2768172326
-4.5666127616,-2.5835207196,-2.0162536549,0.541435707
-4.4321807364,-3.41295845,-1.6980965562,1.1362028978
1.7378027862,1.1065199309,1.958371553,-0.114906128
-5.3638158107,-2.2038780114,-2.5996151546,1.4201129565
1.8142425952,2.2524264788,2.7677450503,1.1060473272
0.4988449116,0.9904507135,-0.0235961439,-0.2520427472
-5.2052350027,-2.7525831086,-1.872072022,2.0332849779
-1.3077034115,-1.9517547132,1.5343178968,1.0607843826
1.9151587434,2.5453879874,1.9561005213,3.6175696862
1.0554087441,-0.1075156382,-0.1807541791,0.5744977194
2.6738101145,2.0346777014,2.6884562845,3.0379182483
-1.7814625557,-1.9173293246,0.6272015705,0.7469761519
3.2564615838,4.2014453679,3.452573993,2.6580754859
-5.0222925143,-3.2320124789,-1.9338108001,1.5497841689
2.482229021,2.3348051499,2.5961602495,3.8665218869
-5.1476351292,-2.8417225354,-2.5293770321,1.593699727
0.3243115674,0.341397351,0.3490065696,0.3362386315
3.1649781804,3.1482294598,3.4892644309,3.3368605031
1.4303030653,-0.0124814819,-0.2346526451,-1.0042394793
-4.6558956636,-3.0228587434,-2.472242803,1.3687948639
3.1513358372,2.3313300342,2.6478882059,2.9969916957
-5.1729249399,-3.0124192976,-1.7495958327,1.1146906036
-5.268681923,-2.2329979675,-1.6447352175,0.5648890299
3.4687503266,3.1539488783,3.6189886742,4.1145174646
-4.7344072714,-2.4337941864,-2.8898937325,1.4174080821
-0.9769567978,-1.3542694785,0.9774271831,0.9395147501
-4.9446966323,-3.2062577991,-2.4021722326,1.8195356344
-5.8179101355,-2.459015045,-2.5559321515,1.6669178944
-4.7779705949,-3.2877795411,-2.6188385764,1.9804813805
2.3922361033,2.8050965921,3.251325457,2.2621807002
-4.5784298625,-2.8803958242,-1.7804642387,0.2531425485
3.0827966188,3.8402641389,3.1928585772,2.8322940138
-4.2167227749,-2.8057171467,-1.5824116257,0.9228499923
-4.7443388561,-2.9710776299,-1.484622012,1.2262766153
-0.4233965035,-0.844735988,0.4670228775,0.5528182134
3.4034328295,3.76674004,2.1840872143,3.115043454
-0.2711400512,-0.6210256823,0.8214390215,0.6228488275
-1.2123397009,0.2958736565,0.2090771006,-0.4236219788
-5.6311188745,-3.4785107283,-1.7650729434,0.7376035587
3.6028037403,2.4351695837,1.7638298906,1.9230406495
-4.5618441414,-3.4110173305,-2.7893511099,1.6952477264
-1.1387672505,-1.5753031513,1.1227070102,1.3437659951
-5.630851968,-2.7643200307,-2.1340281106,0.8589896943
-4.6178893994,-2.0477364136,-1.58173675,0.6553980562
-4.641108799,-2.7290535889,-2.5532894776,1.6096822103
-5.1765098732,-3.6110263988,-2.4221113409,0.2915507546
-0.6919094085,-1.235387034,1.5876007462,0.8390093721
-1.8069121866,0.3570698006,1.1878831354,-1.2096496589
-4.8558915694,-3.2347410945,-3.1617488455,1.3955718604
3.8131838026,4.2193159496,3.4136632333,2.2221977889
1.2044982243,0.9131065847,0.3362526586,-1.2934859408
-4.1207718093,-2.7810649309,-2.8032952703,1.4557785474
-1.1595050327,-1.6028789248,0.6379030462,0.4511612188
-5.4344328811,-2.2794238914,-3.4343203317,1.8624697439
-0.0473594067,-1.4880357665,1.9873432564,2.0386660324
-5.6916397267,-3.290627722,-2.6633830099,1.2509390194
0.1518740939,-0.1814889167,0.6344054667,1.0449128121
2.5586378019,4.0314671443,4.0301217038,3.3578127033
-5.1834004492,-3.1468066155,-2.354909716,1.5061503285
3.8988096002,3.7342965539,3.221784368,2.4410807637
0.9161568263,0.415255632,0.4041009607,1.5107902303
-4.7205548668,-3.4380811781,-2.6997670628,1.1576214436
2.6347355651,3.1261935587,3.4645802781,2.0908472902
3.7503804552,3.680217237,2.7741149628,2.5573456235
-4.7065361862,-2.9664951281,-1.4932523719,1.3426694881
3.2263867913,3.2006667842,3.6082300816,4.2170585689
3.7853972524,3.0357895746,2.6474663586,3.2912526981
2.3595760646,2.3904420666,2.5143007291,1.9456496039
1.9472101264,2.406526964,3.3682030139,2.1759029046
-0.6807550526,-0.1477063581,0.3872591511,0.898202502
-4.4282539805,-3.8069341544,-2.108109091,1.3746128458
-5.1743633715,-3.4279658485,-1.7431528372,1.2954601769
-4.8015427959,-2.7260131844,-2.1692805152,0.8793372868
-0.0858757283,-0.4252368262,-0.3151733019,-1.6973445596
-4.5547130942,-2.7299797194,-1.4718113786,0.9125864145
-0.6078380954,-1.4042205174,0.9010919823,1.6113473622
2.2938081596,0.964496233,2.1856959241,3.9358262474
-2.5116441275,-1.504869663,-0.9543472564,-0.0597646883
-4.8490438,-4.2299378943,-2.8900940187,0.7764992686
-0.4358355925,1.1012167609,0.1639451208,0.5412420473
2.9397038792,3.2959008157,4.2216704759,2.3081836188
-4.8818776611,-3.5338655241,-3.0980310055,1.3185402661
0.1359334608,-0.0041739545,0.1002491867,-1.633708747
-4.5928870115,-2.7140291926,-2.654270302,1.2790242345
-5.8981569524,-2.3880801647,-2.0126029957,0.4915955259
3.2402251052,3.1876462896,3.3327495264,2.0195191176
-0.7983231056,-1.3827836906,0.6290744729,0.5559986614
-0.9951736346,-1.313509303,1.1519726052,1.2507560753
-0.3164426422,-0.8385722821,-0.9949907395,0.0055247772
-5.1754951009,-2.7035369066,-1.6569846624,0.8403953679
-1.2450543415,-0.8869289132,0.7441793223,1.5080234878
-5.3562066265,-2.7872430672,-1.2137670356,1.0612744623
-5.1484829847,-3.5918285381,-2.2980902164,0.9736363298
-5.5285589762,-3.5020981062,-1.7993152137,0.7473724714
-0.8855565992,-0.9164359483,-0.4635685425,-0.3860350847
-0.3070192169,0.7661968882,0.1299350304,-1.15997541
-1.494042733,-1.0292612117,0.3827823693,0.6340238896
-1.5297388668,-1.3274818379,1.9834392714,0.6091342443
-0.3321914974,0.091042878,-0.1335664312,-0.2542561367
2.9976734831,2.8890127337,2.8125129676,3.1917759024
3.0774413745,2.2484891073,3.2246199217,3.0791688752
-0.613452806,-1.758190111,-0.5163884676,0.3151085929
-0.9641934468,-0.9759428638,0.8379259989,1.1089886997
0.186879292,-0.537478946,-0.8477030714,-0.5687625139
-0.8158908854,0.700202935,1.0722598426,2.2402145046
-0.5369710067,-0.7801161637,1.5135762808,0.9226687128
-0.7064154232,-1.0587708774,0.8282924544,0.9529257852
-5.3957989209,-1.9476926069,-1.1611182329,2.018271021
-4.2773237703,-2.3389732654,-2.33423666,2.2047344067
1.6403312072,3.242098973,2.2936113447,1.4631549094
0.2017455917,-0.7476679205,1.4525872295,0.052838503
-5.3435545936,-3.0664457776,-3.1005726342,1.7319400549
-0.7820715459,-1.4524228899,0.5268549329,-0.2134696393
-0.6752546147,-0.3915514709,-0.0754623436,0.1134845969
-5.219122253,-3.2038958567,-2.3919928566,2.315099304
-5.4137520398,-2.1399803487,-2.3568242554,0.7861271324
3.2352786926,3.5646418386,3.9221114648,2.7514037657
-6.0206795898,-3.119252257,-2.1252446116,2.2203687437
1.3171546783,0.0793992079,-0.6904875678,0.7485238982
-6.041634155,-2.6093821293,-2.7267577227,1.4325701479
-5.2615797873,-3.6731530221,-1.8021345323,-0.0868203931
2.0912982646,1.4690692882,2.7157272229,3.1385072684
3.6791972371,4.0074046753,3.3956068641,2.5366313365
-4.9375377512,-2.6651855044,-2.5773380311,1.1751881001
1.3603346551,0.7908422112,0.618576892,0.0349561616
0.0428099737,0.7764433796,0.671404965,0.5315322923
3.2702793497,2.0493717041,1.9161611085,2.540665804
-0.8019547987,-0.4735384104,0.0592163435,1.1632387225
0.4312557054,-0.1495753518,0.0073137771,-0.5796228553
-4.1064544306,-3.316300013,-1.8516720927,1.8265192444
-5.6669252511,-3.3367747417,-2.7235790696,1.0933899442
-4.2774069384,-2.2977149353,-2.4387137387,2.3201033638
-0.2619513461,-0.8299678184,1.2564430526,1.3253513504
2.9304206346,3.1982847614,3.3554358676,3.1461304213
-5.2016187385,-2.7089460628,-2.9779512373,1.8526411059
-4.9842001418,-3.1047063833,-2.6879970284,1.0698546053
-5.1088257214,-2.8819193385,-1.7487103663,1.322218564
2.6705370322,2.6544106617,2.598048353,2.8570332005
-0.9531048393,-1.1215511298,1.8388824414,0.689688593
-4.7487384322,-3.3853407325,-2.9456247479,1.314792407
-1.0258140974,-0.7108919631,1.882618809,1.1734912316
-5.1950864417,-3.3288087928,-1.6118174738,1.1882196191
-4.4431262774,-2.9272195534,-2.7497968615,1.5770850414
-5.7890039299,-2.6561871221,-2.0353683723,1.6559771678
-5.1324375038,-3.2176779625,-2.8874669304,1.4636141621
2.3390055346,2.6978434859,2.7004412848,2.0527517074
-5.2877110865,-2.1530453762,-2.9434639439,1.4875068896
-5.0735162938,-3.1330191181,-2.2993306857,0.6361915127
-5.6472550421,-2.8977171721,-1.53353213,0.5143636437
-1.0509648695,-1.1062071231,1.3229830336,0.4410339432
-4.8779878016,-3.101889091,-2.4773160839,1.6706254132
-5.9010513928,-2.3767622806,-2.1864321232,1.0974164727
-4.773788202,-2.6451583666,-3.0048721617,1.0100495672
-4.9045492427,-3.364319543,-2.5979780889,1.7610551417
0.5391846628,-0.1276703479,-0.0595781548,0.8354099876
-0.417897631,-0.6732179937,-0.449874592,-0.9523952236
3.1623685381,3.0116827945,1.4812801181,0.7700206508
-1.2484956183,-1.1754736232,0.4911053178,1.7470104648
1.8328529137,2.4175086018,2.6685483623,2.3254056208
-5.5575292487,-2.8394977026,-2.1413593354,0.9392875637
-5.0317856174,-3.6371837713,-2.074397562,1.7899261076
3.6077482294,4.0915801459,2.9933778828,3.9582797566
-1.2370566146,-0.9397204816,1.8098181594,1.2286073841
-5.3954102889,-2.9174521656,-1.543398237,1.2953995268
-5.267240039,-3.0932884008,-2.8189301273,1.549988779
-1.6919788431,-0.6569028017,0.6157652008,0.7947884053
-4.3791404313,-2.6555285495,-2.4841814379,0.7218901523
-4.4610724452,-3.065577727,-2.0769150357,0.9500012377
-1.1806167733,-0.8869398909,0.2011031322,1.0224978367
-0.9246916978,-0.1823110517,0.4829979272,0.8554135045
-1.4292795562,-1.6411935427,-1.3315221709,0.4584807814
0.1523813156,1.5298782149,1.4970935642,0.0848078533
-0.2043823431,0.9041009714,0.2150131424,-0.8588077312
3.8744224059,4.1767245959,4.002670679,3.1576902834
0.3039322793,0.8736093661,1.1692788828,0.0998020477
-1.3324608452,-1.1170114339,1.559197567,0.6993482979
-5.1817862267,-2.9100371675,-2.8022248785,1.6417870717
-4.646112168,-3.3336657153,-2.278353737,0.3659706121
-4.1121432339,-2.4313488048,-1.9807285571,0.9696937728
-0.8062849432,-1.2660357886,1.3628996028,1.6019766055
0.6501677581,0.1973825726,0.3960257297,0.5657474587
-4.3704190947,-2.5227851063,-1.681017609,1.909646313
-5.2494951278,-3.0595574881,-2.6367656472,1.0337194109
2.0203886775,1.5401775124,0.9133233658,0.9383534235
0.3607726101,1.1704046396,-0.5032618848,0.5000030365
-5.4418517645,-3.3365196708,-1.6660425817,0.9430232784
-0.6087237193,-0.9106353167,0.3900924879,0.5942869937
-5.7838679671,-3.0358533957,-2.3332961684,0.6259428898
3.3779721051,3.2062600783,4.0042001644,3.2074208085
2.5104203104,3.918305343,2.778560318,4.5760132958
-0.6878432193,0.2456894454,1.0030935593,-1.136460965
0.8876950196,-0.8989615927,-0.0982977936,0.4414673684
2.5416736063,3.1591666212,3.1048030869,3.6369709945
-4.9466686018,-3.1297812001,-1.0608803589,1.3195376688
-0.2654454991,-1.5172449055,1.1290516845,1.289962617
1.0132871163,0.1933008392,0.5850083997,0.8665751548
-6.157229622,-3.1493037361,-3.2097397945,1.4417140769
-5.4100380268,-2.4870609072,-2.4236449673,1.9320949336
4.4050934581,2.5539451551,2.637731477,2.9412981695
-1.0017679114,-0.7930026846,0.9747437923,0.771776081
0.4608554662,0.162617972,-0.9950914481,0.703929924
-5.2109306607,-3.7253613169,-2.9794549485,1.3074839717
-1.7438039615,-0.6732500032,1.2503644591,1.2781223458
3.1972756373,1.5816292308,2.066978987,3.2307678503
0.6013962139,0.4070948627,0.9566967313,0.2131718377
-4.9478299771,-3.2831059846,-2.8378348668,2.2445226849
2.5663581609,1.9183882506,1.3584723856,2.2968841845
-0.8744205184,-1.1029376638,0.956796011,0.4478142523
-4.3547219549,-3.5823860464,-1.7673261186,0.4196497745
-5.0444615395,-2.0915620866,-1.1958159854,1.491634349
-5.3928182846,-2.2625289803,-2.4379870807,1.8688513213
-5.3995350716,-3.3345089975,-1.6519747703,1.7155936385
0.7416924816,-0.403810353,-0.014836053,0.603595752
-4.2224654134,-3.1118484934,-1.4842907054,0.7569950376
-5.3321382298,-2.9144308017,-1.892000739,1.4901808731
-0.5374454331,0.1587303839,-1.0376257426,0.1056819588
2.5124687558,3.5273782017,2.9534059316,4.1574589944
-4.9351826088,-3.4405063029,-2.405240038,0.8242377954
-4.7969460579,-3.7410447374,-1.3888479319,2.2690167092
-5.3654735257,-2.8839361422,-2.6564880291,2.3134921816
-0.8186657899,-0.0860304888,0.0309102239,-0.4196503457
-5.24018592,-2.1400869416,-1.6901335394,1.1097278987
1.9995873883,2.5966172403,2.8052087761,2.1041020345
-4.5395889727,-3.0100751117,-2.0063041846,1.2078247642
0.244158905,1.268684667,0.2232619631,-0.2787323905
-4.8383490446,-2.8011316746,-1.6408191563,1.090302041
-4.7563049647,-2.7243639433,-2.124520972,1.3238033471
-5.3515648286,-3.466872324,-2.5447305762,1.0850947879
-5.737016782,-3.0263786521,-1.9716309074,0.8650364312
-0.5492655372,-1.465381956,1.174218801,1.4532063571
-5.3291127889,-2.1947760512,-2.3384256623,2.093900293
-0.9765009418,-0.1439099069,0.6535392504,1.2394243872
-5.3627028504,-2.6047362228,-2.8204470128,1.5248968944
-4.7661072574,-3.4187670072,-1.8816856527,1.1963344876
-0.902911377,-0.1866610459,1.0831889372,0.0872373051
0.5487023327,-0.4768596058,-0.3168057788,-0.1259139516
3.1536482718,3.6437980745,2.4962832796,3.1168772103
-0.7915444643,-0.5314577061,-1.2953436468,0.40474162
-0.8156020458,-0.9102306242,1.605195268,0.5819872839
-4.833811021,-2.869398649,-2.7765011997,1.4569073422
-0.3864609824,-0.4710267052,1.2591712179,0.6887818298
-0.1630632709,-1.5849840491,1.4549292646,1.5236649455
-0.7192505384,-0.9007186315,0.7711892486,1.1543827319
-0.6535066024,0.1777204875,0.6655990743,-0.3911821815
-4.4479179836,-3.0788428372,-1.9932254098,1.8909956551
-5.0348812479,-3.2130311292,-2.7127498384,1.1218983151
-0.5055381542,-0.9429353018,1.6917529474,1.5531407871
-2.2597428401,-0.2700614944,0.1968376088,1.3461936393
-4.561126998,-3.0941308901,-2.0891776872,1.4390493478
-4.893932978,-2.8458195253,-2.835407004,0.3449937566
-4.6806449475,-3.2713863963,-1.9262424929,0.8966140553
2.7974211497,3.1746565239,3.1384454374,2.019404456
-4.6461106698,-2.3954632793,-1.7584598076,0.6792484706
-0.9204871217,-1.0770557298,-1.1040848492,-1.5482876659
2.9534964587,3.1960190265,2.5790132851,2.3751376322
-4.8609386646,-2.4627182441,-2.5331018104,0.9014823865
3.581666189,3.708745037,3.3819138265,3.5001956182
-5.4239809856,-2.0980729619,-2.4134377237,1.895118823
-5.079784848,-3.6334853148,-2.5966609608,1.3491952012
-0.6693301457,-0.7206538359,0.9155746833,1.7995064967
-4.8393320179,-3.1615701282,-2.0846582157,0.8279602923
-4.4115289391,-2.8832208052,-1.6267196662,1.1221855688
-0.7372812611,0.1214021759,0.71915804,1.1017717851
-5.2179776493,-3.0791186896,-2.4857666428,1.3741239188
1.416265745,0.8328499371,-0.5429230263,-1.1383966811
3.7642559875,3.8131172203,2.8843383263,3.6018817901
-4.9113745114,-3.5541176634,-2.6885330113,1.8057565938
4.2441233536,3.7441025998,4.5368882945,3.6168622773
-4.8644225417,-3.040725788,-2.5296863403,0.6676869127
-0.6839969872,0.2612779283,-0.1044377174,-1.3400277891
-0.5205045764,-1.3628794147,1.0011553206,1.6988986332
-5.1955887389,-2.820568347,-2.3680131537,1.3337989588
-4.9303271261,-3.2434195235,-1.6882137529,1.0930423463
0.6395883173,0.8906817902,0.780376589,-1.810292102
-4.9540207353,-2.8111629244,-1.2546866298,-0.1038284605
-4.3218391676,-3.0859307832,-2.3378456148,1.8641012159
-4.8503279681,-3.2317409784,-1.8143124035,0.6804930989
0.1423613346,0.2246112729,0.8161519223,0.0952400178
1.5928072711,2.0848197365,1.7000186243,0.4926036223
-4.884394255,-2.8539889439,-2.5112212093,2.3031264383
-5.1066724083,-3.4084854005,-1.7456354675,1.6291542941
-5.5581811652,-2.8992326747,-1.7716083294,1.337118389
-0.3313639109,-0.3931083796,-0.3863697525,-0.193368861
3.9821824692,4.2021909521,4.0930853931,3.445102834
-1.0547764416,-1.0649204853,1.0445502533,1.0236489962
-5.0533859126,-2.6531111852,-1.7563764492,1.2288036784
1.3159063806,2.0917783333,2.7920639099,1.8912031893
2.2070749685,3.5823679078,2.2904481805,3.5671954143
1.1540522472,-0.7926933268,0.0176352328,0.5060862052
-5.2863747074,-2.6266674304,-3.088067155,0.8532818261
-5.0425594123,-2.7335861494,-1.6498389786,2.0551234814
-4.7784370223,-2.6614047813,-2.3326137494,0.4911890314
-0.4569018557,-0.0731815396,-0.2924303679,0.354464661
-4.9918423356,-3.4564470014,-3.0604983088,1.4024511523
-0.8599409072,-0.7583005806,0.8664249546,1.0726923964
-5.8394766401,-3.0396922347,-2.3028749694,1.7313081087
1.9929606844,2.4484432908,3.2468731475,1.7558216982
-0.5242549387,-1.2474261317,0.013231856,0.0720509424
0.5485548299,-1.1025779548,0.236736733,-0.4242668188
-1.4049910041,-0.36955028,-0.0472188772,-0.3972305041
-5.0510465641,-4.2090422705,-2.3313898068,1.2649995662
-1.0618075909,-0.5136853631,1.2564725608,1.3567325967
2.2904141964,2.8411128388,4.2828758917,2.4823365845
2.1367319499,3.2423915885,2.8580168176,1.9077798134
-1.046014699,-0.1029175367,-0.9789428401,0.2558135362
-1.0937174975,-0.6727085189,0.8221792963,1.3260642547
2.8731371368,2.1515186113,2.4957483041,2.7895367927
2.9835147943,3.5070547196,3.3925114189,2.3180606442
-5.3440834856,-3.750056524,-2.0420248156,0.833550502
2.5295361659,2.6135132229,3.2572931975,3.6538691583
4.0185165678,3.0242252963,4.3073191846,3.7222271289
0.9549996292,1.4280541229,0.5650967994,0.6392717934
3.3947536861,2.6294454775,3.4074966937,2.3832100981
-1.171308894,-0.4832487601,-0.3204253579,0.3996740027
-0.6147840165,-0.5507140137,0.8327657236,-0.0422346576
-0.9167313025,-0.931420207,-0.8930651869,-0.2512423458
0.7845655747,2.4350177853,3.391584473,0.9765945094
-2.4310675505,-1.2146686651,2.1102604295,1.2229784356
-0.5417679865,0.0718000757,-0.0524886024,-0.5702707689
-0.7723172096,-1.0085459041,1.0555411728,1.2291549124
-4.887968561,-1.928237957,-1.5074880063,1.1315121057
-0.7244727915,-0.2350892887,0.261241644,-0.8081088832
-1.0916769696,-0.5966075252,0.8336666053,1.4997898128
-4.2409002632,-2.7426449299,-2.6394263109,1.1477049785
-6.5035038477,-2.8057921589,-2.7113591222,1.8921817378
-1.3058276738,-1.6991772458,1.0415904636,0.9915462548
1.230879971,0.27507169,0.9875274441,2.5031444645
2.5175929501,3.4810466845,3.4755907141,2.5908865297
-4.78167024,-2.894835404,-1.6204342564,0.7175132261
-4.8144997374,-3.8072153498,-2.0316514858,1.0096195469
1.8266280061,2.5125824084,2.7669270844,2.0249042089
-0.927231034,-1.1056927514,1.5057712464,0.9354835817
-4.6334788268,-2.4846670569,-1.8006451616,1.2556273515
-0.8253762248,-1.0548914468,0.6424896004,0.7896491978
-4.5355043176,-2.3812716886,-1.8614758117,1.2129005872
-4.5824966905,-2.4504535591,-2.0924079915,1.2687561245
-0.4257561652,-0.8971657195,0.8962608644,1.2943142468
1.5261503017,2.179041374,0.2397816651,-0.0132012461
2.4369379372,0.1784006678,0.2013685223,1.3409871587
-1.4074670523,-0.9469190287,0.7607861975,0.0239904875
-1.1122553332,-1.0180191974,-0.075432815,-0.2443052207
3.6225696293,3.4895304763,3.7515021681,2.886154584
-4.8955144763,-3.1841847967,-2.4196035658,0.9895112568
-5.3256257827,-2.9452516086,-2.6044725706,1.6094585783
-5.1097487456,-3.102338334,-2.2524164707,1.2506760131
-4.4535279138,-3.2986665917,-2.335758854,1.3399346224
2.2698036344,2.8432793804,1.6753329517,3.7407991893
1.4593533053,2.5874002936,2.517398202,2.2106823263
-4.8990404335,-3.667673945,-3.2164367324,1.8225875128
-5.1669043426,-3.205179922,-2.3387167901,0.9771468085
3.284311703,3.1593173797,2.5802820899,1.3948036069
-0.8622783986,-0.8645227733,-0.0421615015,-1.4019446587
-1.4695673802,-0.2872426465,1.1932055408,1.1621317991
3.9158585962,3.6597751077,4.1450887751,2.5244719196
-1.2123677566,-0.8661320682,1.3714623635,0.4080299266
-5.26790211,-3.1032857284,-3.0305338271,1.1576013988
-5.8071815974,-3.1947187806,-2.8936601163,0.5418227432
0.8637948153,-0.060732371,0.2823201946,1.3640292719
-0.7264939578,-0.8474094428,-0.6797764443,-1.1952440797
4.1623987164,3.3974418308,2.6105722493,3.1107183998
-0.9873017712,-0.0881268057,0.2605848824,-0.0060739
-5.2473031279,-3.0950125531,-1.5767326466,0.6141443479
3.1976265621,3.4536361128,3.2407856588,2.6601202199
-0.2426637032,-1.7015106259,0.6231478634,1.096353333
-0.6779465449,-0.7168960246,0.6727890046,0.3366643213
-4.9858685586,-2.9812746497,-2.4769444724,1.8130200955
-1.1656714716,-0.5125403602,0.6911377726,0.8311312338
0.6971650576,0.2535628316,1.3053518172,0.4537603126
-4.8710259825,-2.3921161134,-2.289887111,1.4727335774
-1.4846018616,-0.9251790149,-1.1526426416,-0.0229336993
1.0609637102,0.1765846684,0.4951768752,-0.4389449223
-5.237714293,-3.4028358922,-1.5755915589,1.6253938057
